{
    "TegnerRun_benchmark-500000-neurons-1-nodes": {
        "init": [
            [0.1385679915547371, 24]
        ],
        "place": [
            [460.7683784775436, 24]
        ],
        "detect": [
            [18804.958666458726, 24]
        ],
        "prune": [
            [15589.613213133067, 24]
        ]
    }
}
