{
  "metadata": {
    "input_region": "M1-ipsi",
    "cell_type": "dSPN"
  },
  "data": {
    "tau1_ampa": 0.8193978385684236e-3,
    "tau2_ampa": 5.0919690638525905e-3,
    "tau3_ampa": 100.9605557868441e-3,
    "I2_ampa": -2.0379958489844787,
    "I3_ampa": -0.05343661365795235,
    "tpeak_ampa": 1.807465113995324,
    "factor_ampa": -0.7992697783777954,
    "tau1_nmda": 1.7298398814222276e-3,
    "tau2_nmda": 31.930580808790413e-3,
    "tau3_nmda": 187.6368176614024e-3,
    "I2_nmda": 0.8151323252241669,
    "I3_nmda": 0.38429670197966787,
    "tpeak_nmda": 5.875294208916088,
    "factor_nmda": 0.9896926872494396,
    "nmda_ratio": 0.335517
  }
}
