{
  "meta_data": {
    "input_region": "M1LH-contra",
    "cell_type": "dSPN"
  },
  "data": {
    "tau1_ampa": 1.0925303972077076,
    "tau2_ampa": 4.437072205337933,
    "tau3_ampa": 119.98882942221262,
    "I2_ampa": -1.9886844552485996,
    "I3_ampa": -0.048026349597992034,
    "tpeak_ampa": 2.063918378264594,
    "factor_ampa": -1.0119232390299844,
    "tau1_nmda": 1.8208839953461793,
    "tau2_nmda": 33.567312186770074,
    "tau3_nmda": 204.30443150344257,
    "I2_nmda": 0.8477113681722652,
    "I3_nmda": 0.2970225501393719,
    "tpeak_nmda": 6.064414326277802,
    "factor_nmda": 1.0471430189533268,
    "nmda_ratio": 0.299937
  }
}
