{
  "4": {
    "soma": {
      "somaDiameter": 1.2297290386956166e-05,
      "somaGleak": 2.436002436034353
    },
    "peaks": {
      "peakIdx": [
        537,
        795,
        1038,
        1292,
        1540,
        1802,
        2052,
        2285,
        5031
      ],
      "peakTime": [
        0.10740000000000001,
        0.159,
        0.2076,
        0.2584,
        0.308,
        0.3604,
        0.41040000000000004,
        0.457,
        1.0062
      ],
      "peakVolt": [
        -0.07439520210027695,
        -0.07433784008026123,
        -0.07426909357309341,
        -0.07419319450855255,
        -0.07430726289749146,
        -0.07433616369962692,
        -0.0743681937456131,
        -0.07439453154802322,
        -0.07464007288217545
      ]
    },
    "synapse": {
      "U": 0.12059165100986244,
      "tauR": 1.298798653009464,
      "tauF": 1.8425714946751732,
      "tau": 0.6134442310403072,
      "cond": 0.0005166986225959153,
      "nmda_ratio": 5.642544389255959
    },
    "meta": {
      "type": "LTS5",
      "experiment": "GBZ_CC_H20",
      "datafile": "DATA/YvonneJohansson2019/M1LH_Analysis_191001.h5"
    }
  },
  "21": {
    "soma": {
      "somaDiameter": 3.8550859699887995e-05,
      "somaGleak": 2.0135354984646447
    },
    "peaks": {
      "peakIdx": [
        526,
        780,
        1029,
        1281,
        1531,
        1781,
        2032,
        2288,
        5029
      ],
      "peakTime": [
        0.1052,
        0.156,
        0.2058,
        0.25620000000000004,
        0.3062,
        0.3562,
        0.40640000000000004,
        0.4576,
        1.0058
      ],
      "peakVolt": [
        -0.07433178275823593,
        -0.0738198384642601,
        -0.07425462454557419,
        -0.07417662441730499,
        -0.07409891486167908,
        -0.07427255809307098,
        -0.07457011193037033,
        -0.07458016276359558,
        -0.07519782334566116
      ]
    },
    "synapse": {
      "U": 0.08144954818495904,
      "tauR": 0.7907448722262932,
      "tauF": 0.057251042826833284,
      "tau": 0.3334011330251759,
      "cond": 0.023271327390937596,
      "nmda_ratio": 4.742084323987475
    },
    "meta": {
      "type": "ALTS11",
      "experiment": "GBZ_CC_H20",
      "datafile": "DATA/YvonneJohansson2019/M1LH_Analysis_191001.h5"
    }
  },
  "48": {
    "soma": {
      "somaDiameter": 2.0278058795978734e-05,
      "somaGleak": 0.3
    },
    "peaks": {
      "peakIdx": [
        547,
        790,
        1026,
        1275,
        1533,
        1781,
        2028,
        2279,
        5032
      ],
      "peakTime": [
        0.10940000000000001,
        0.158,
        0.20520000000000002,
        0.255,
        0.30660000000000004,
        0.3562,
        0.4056,
        0.45580000000000004,
        1.0064
      ],
      "peakVolt": [
        -0.07591021806001663,
        -0.07562041282653809,
        -0.0754612609744072,
        -0.0756012424826622,
        -0.0757085382938385,
        -0.0755225121974945,
        -0.07560062408447266,
        -0.07568666338920593,
        -0.07635977864265442
      ]
    },
    "synapse": {
      "U": 0.1445096487551325,
      "tauR": 1.4274750217249135,
      "tauF": 0.00628568134556341,
      "tau": 1.062222676247789,
      "cond": 0.0006090699194867683,
      "nmda_ratio": 5.99260959048975
    },
    "meta": {
      "type": "LTS6",
      "experiment": "GBZ_CC_H20",
      "datafile": "DATA/YvonneJohansson2019/M1LH_Analysis_191001.h5"
    }
  }
}