{
  "64": {
    "soma": {
      "somaDiameter": 2.0000001167863032e-05,
      "somaGleak": 29.937751584943456
    },
    "peaks": {
      "peakIdx": [
        525,
        776,
        1026,
        1277,
        1527,
        1778,
        2030,
        2277,
        5028
      ],
      "peakTime": [
        0.10500000000000001,
        0.1552,
        0.20520000000000002,
        0.2554,
        0.3054,
        0.3556,
        0.406,
        0.4554,
        1.0056
      ],
      "peakVolt": [
        -0.07185357064008713,
        -0.06998304277658463,
        -0.06986428052186966,
        -0.06994731724262238,
        -0.07067946344614029,
        -0.07075714319944382,
        -0.07039286196231842,
        -0.07038392871618271,
        -0.07208571583032608
      ]
    },
    "synapse": {
      "U": 0.034208479865469425,
      "tauR": 1.0829389799879905,
      "tauF": 0.6494720096621255,
      "tau": 0.6900229626330175,
      "cond": 0.09747341837280722,
      "nmda_ratio": 0.8599365605064102
    },
    "meta": {
      "type": "FS9",
      "experiment": "GBZ_CC_H20",
      "datafile": "DATA/YvonneJohansson2019/M1LH_Analysis_191001.h5"
    }
  },
  "97": {
    "soma": {
      "somaDiameter": 2.203893348583765e-05,
      "somaGleak": 24.404816909142006
    },
    "peaks": {
      "peakIdx": [
        527,
        775,
        1027,
        1277,
        1527,
        1777,
        2027,
        2276,
        5026
      ],
      "peakTime": [
        0.10540000000000001,
        0.155,
        0.2054,
        0.2554,
        0.3054,
        0.3554,
        0.40540000000000004,
        0.45520000000000005,
        1.0052
      ],
      "peakVolt": [
        -0.06561421602964401,
        -0.06643068045377731,
        -0.06562726944684982,
        -0.06677386164665222,
        -0.06596363335847855,
        -0.06620568037033081,
        -0.066468745470047,
        -0.0664505660533905,
        -0.06892727315425873
      ]
    },
    "synapse": {
      "U": 0.03700724810426659,
      "tauR": 1.8592449427154403,
      "tauF": 0.939179884247864,
      "tau": 1.1498306258804487,
      "cond": 0.09611309354558709,
      "nmda_ratio": 0.5893182578167329
    },
    "meta": {
      "type": "FS12",
      "experiment": "GBZ_CC_H20",
      "datafile": "DATA/YvonneJohansson2019/M1LH_Analysis_191001.h5"
    }
  },
  "2": {
    "soma": {
      "somaDiameter": 1.9410652324923694e-05,
      "somaGleak": 12.077888072256451
    },
    "peaks": {
      "peakIdx": [
        525,
        776,
        1027,
        1277,
        1528,
        1778,
        2028,
        2279,
        5026
      ],
      "peakTime": [
        0.10500000000000001,
        0.1552,
        0.2054,
        0.2554,
        0.30560000000000004,
        0.3556,
        0.4056,
        0.45580000000000004,
        1.0052
      ],
      "peakVolt": [
        -0.05984692648053169,
        -0.05893416330218315,
        -0.057850345969200134,
        -0.058315929025411606,
        -0.05856655538082123,
        -0.05868320167064667,
        -0.0588705837726593,
        -0.058924734592437744,
        -0.0614505298435688
      ]
    },
    "synapse": {
      "U": 0.03251866733626152,
      "tauR": 0.9669885803626387,
      "tauF": 0.09846303749227207,
      "tau": 0.8567974660723482,
      "cond": 0.07585739131580922,
      "nmda_ratio": 0.5193026775434307
    },
    "meta": {
      "type": "FS3",
      "experiment": "GBZ_CC_H20",
      "datafile": "DATA/YvonneJohansson2019/M1LH_Analysis_191001.h5"
    }
  },
  "6": {
    "soma": {
      "somaDiameter": 1.8314615034904974e-05,
      "somaGleak": 26.682478201423354
    },
    "peaks": {
      "peakIdx": [
        525,
        774,
        1025,
        1275,
        1525,
        1776,
        2027,
        2277,
        5025
      ],
      "peakTime": [
        0.10500000000000001,
        0.15480000000000002,
        0.20500000000000002,
        0.255,
        0.305,
        0.3552,
        0.40540000000000004,
        0.4554,
        1.0050000000000001
      ],
      "peakVolt": [
        -0.073744997382164,
        -0.07329437881708145,
        -0.07373031228780746,
        -0.07388750463724136,
        -0.0745524913072586,
        -0.07441624999046326,
        -0.07518438249826431,
        -0.07485000044107437,
        -0.07581843435764313
      ]
    },
    "synapse": {
      "U": 0.0758452433120198,
      "tauR": 0.658303037923962,
      "tauF": 0.3854417653769636,
      "tau": 0.20255856320022564,
      "cond": 0.09129597294427415,
      "nmda_ratio": 0.8438188508646779
    },
    "meta": {
      "type": "FS8",
      "experiment": "GBZ_CC_H20",
      "datafile": "DATA/YvonneJohansson2019/M1LH_Analysis_191001.h5"
    }
  },
  "8": {
    "soma": {
      "somaDiameter": 1.9355661006442538e-05,
      "somaGleak": 6.429605954613748
    },
    "peaks": {
      "peakIdx": [
        532,
        781,
        1032,
        1282,
        1534,
        1785,
        2035,
        2285,
        5034
      ],
      "peakTime": [
        0.10640000000000001,
        0.1562,
        0.2064,
        0.2564,
        0.3068,
        0.35700000000000004,
        0.40700000000000003,
        0.457,
        1.0068000000000001
      ],
      "peakVolt": [
        -0.08308125287294388,
        -0.08354108035564423,
        -0.08186964690685272,
        -0.08175892382860184,
        -0.08239643275737762,
        -0.082469642162323,
        -0.08300267904996872,
        -0.08271963894367218,
        -0.08475267887115479
      ]
    },
    "synapse": {
      "U": 0.047247353925696345,
      "tauR": 0.35525172142045247,
      "tauF": 0.15484714656352705,
      "tau": 0.32700429908812373,
      "cond": 0.0212254353003105,
      "nmda_ratio": 0.9554053580609294
    },
    "meta": {
      "type": "FS10",
      "experiment": "GBZ_CC_H20",
      "datafile": "DATA/YvonneJohansson2019/M1LH_Analysis_191001.h5"
    }
  },
  "9": {
    "soma": {
      "somaDiameter": 3.036801621613986e-05,
      "somaGleak": 5.334130257595578
    },
    "peaks": {
      "peakIdx": [
        524,
        772,
        1023,
        1274,
        1523,
        1775,
        2025,
        2275,
        5023
      ],
      "peakTime": [
        0.1048,
        0.1544,
        0.2046,
        0.2548,
        0.30460000000000004,
        0.35500000000000004,
        0.405,
        0.455,
        1.0046
      ],
      "peakVolt": [
        -0.06933370232582092,
        -0.0697019100189209,
        -0.06888505071401596,
        -0.06883695721626282,
        -0.06880298256874084,
        -0.0685834288597107,
        -0.06812283396720886,
        -0.06856005638837814,
        -0.0706869587302208
      ]
    },
    "synapse": {
      "U": 0.27296900528956847,
      "tauR": 0.005119141058262944,
      "tauF": 0.16138644148446346,
      "tau": 0.002025012704368817,
      "cond": 0.042850029881866494,
      "nmda_ratio": 0.5386354271150506
    },
    "meta": {
      "type": "FS11",
      "experiment": "GBZ_CC_H20",
      "datafile": "DATA/YvonneJohansson2019/M1LH_Analysis_191001.h5"
    }
  },
  "12": {
    "soma": {
      "somaDiameter": 5e-05,
      "somaGleak": 5.9338899355416945
    },
    "peaks": {
      "peakIdx": [
        527,
        776,
        1027,
        1279,
        1528,
        1778,
        2028,
        2279,
        5028
      ],
      "peakTime": [
        0.10540000000000001,
        0.1552,
        0.2054,
        0.2558,
        0.30560000000000004,
        0.3556,
        0.4056,
        0.45580000000000004,
        1.0056
      ],
      "peakVolt": [
        -0.06893791258335114,
        -0.06868334114551544,
        -0.0683325007557869,
        -0.06887958943843842,
        -0.06885583698749542,
        -0.07009082287549973,
        -0.0701800063252449,
        -0.07027624547481537,
        -0.07151499390602112
      ]
    },
    "synapse": {
      "U": 0.0468925639204919,
      "tauR": 1.4844561420331424,
      "tauF": 1.0296145078846077,
      "tau": 1.3904106622455197,