{
  "56": {
    "soma": {
      "somaDiameter": 5e-05,
      "somaGleak": 0.3
    },
    "peaks": {
      "peakIdx": [
        572,
        811,
        1066,
        1305,
        1570,
        1817,
        2064,
        2310,
        5075
      ],
      "peakTime": [
        0.1144,
        0.1622,
        0.2132,
        0.261,
        0.314,
        0.3634,
        0.4128,
        0.462,
        1.0150000000000001
      ],
      "peakVolt": [
        -0.07477954030036926,
        -0.07477670162916183,
        -0.07562215626239777,
        -0.07577613741159439,
        -0.07536988705396652,
        -0.07526648044586182,
        -0.07510227710008621,
        -0.0748085305094719,
        -0.07574034482240677
      ]
    },
    "synapse": {
      "U": 0.4937253831081181,
      "tauR": 0.07505626467610704,
      "tauF": 0.2613102906521629,
      "tau": 0.020803908529266103,
      "cond": 0.005872025864824729,
      "nmda_ratio": 2.6059881817391073
    },
    "meta": {
      "type": "LTS2",
      "experiment": "GBZ_CC_H20",
      "datafile": "DATA/YvonneJohansson2019/S1_Analysis_191001.h5"
    }
  },
  "171": {
    "soma": {
      "somaDiameter": 2.034351560948108e-05,
      "somaGleak": 2.445693102581276
    },
    "peaks": {
      "peakIdx": [
        532,
        779,
        1032,
        1285,
        1534,
        1789,
        2034,
        2284,
        5031
      ],
      "peakTime": [
        0.10640000000000001,
        0.1558,
        0.2064,
        0.257,
        0.3068,
        0.3578,
        0.4068,
        0.45680000000000004,
        1.0062
      ],
      "peakVolt": [
        -0.07101389020681381,
        -0.0684041678905487,
        -0.06833472847938538,
        -0.0697006955742836,
        -0.06901736557483673,
        -0.0705319419503212,
        -0.07080207765102386,
        -0.07012917101383209,
        -0.07401875406503677
      ]
    },
    "synapse": {
      "U": 0.06499064852240405,
      "tauR": 0.6895458893520943,
      "tauF": 0.22865609003492948,
      "tau": 0.32350338056088956,
      "cond": 0.016350189154832925,
      "nmda_ratio": 3.211132536789739
    },
    "meta": {
      "type": "ALTS2",
      "experiment": "GBZ_CC_H20",
      "datafile": "DATA/YvonneJohansson2019/S1_Analysis_191001.h5"
    }
  }
}