{
  "21": {
    "soma": {
      "somaDiameter": 1.873598702835463e-05,
      "somaGleak": 12.824523900293007
    },
    "peaks": {
      "peakIdx": [
        527,
        776,
        1027,
        1276,
        1529,
        1778,
        2026,
        2274,
        5025
      ],
      "peakTime": [
        0.10540000000000001,
        0.1552,
        0.2054,
        0.25520000000000004,
        0.3058,
        0.3556,
        0.4052,
        0.45480000000000004,
        1.0050000000000001
      ],
      "peakVolt": [
        -0.07048425078392029,
        -0.07136385142803192,
        -0.07157526165246964,
        -0.07245516031980515,
        -0.07297337055206299,
        -0.0726500004529953,
        -0.07274510711431503,
        -0.0728660300374031,
        -0.07234267145395279
      ]
    },
    "synapse": {
      "U": 0.15374051474690253,
      "tauR": 0.19230721762176906,
      "tauF": 0.06540558713842899,
      "tau": 0.06732770020629453,
      "cond": 0.0790620349009283,
      "nmda_ratio": 0.525411021164386
    },
    "meta": {
      "type": "FS2",
      "experiment": "GBZ_CC_H20",
      "datafile": "DATA/YvonneJohansson2019/TH_Analysis_191001.h5"
    }
  },
  "23": {
    "soma": {
      "somaDiameter": 2.961546604452993e-05,
      "somaGleak": 2.219378430188079
    },
    "peaks": {
      "peakIdx": [
        528,
        778,
        1030,
        1280,
        1532,
        1783,
        2030,
        2282,
        5029
      ],
      "peakTime": [
        0.1056,
        0.15560000000000002,
        0.20600000000000002,
        0.256,
        0.3064,
        0.35660000000000003,
        0.406,
        0.45640000000000003,
        1.0058
      ],
      "peakVolt": [
        -0.07206093519926071,
        -0.07334257662296295,
        -0.07424725592136383,
        -0.07503984868526459,
        -0.07498437911272049,
        -0.07531522959470749,
        -0.07535156607627869,
        -0.07543359696865082,
        -0.07570155709981918
      ]
    },
    "synapse": {
      "U": 0.19683007282015796,
      "tauR": 1.398943874412951,
      "tauF": 0.009939242266719198,
      "tau": 1.213253962992475,
      "cond": 0.03707510001695906,
      "nmda_ratio": 0.4537298921112301
    },
    "meta": {
      "type": "FS5",
      "experiment": "GBZ_CC_H20",
      "datafile": "DATA/YvonneJohansson2019/TH_Analysis_191001.h5"
    }
  },
  "27": {
    "soma": {
      "somaDiameter": 1.8789799484438883e-05,
      "somaGleak": 13.167385087595493
    },
    "peaks": {
      "peakIdx": [
        527,
        777,
        1027,
        1279,
        1529,
        1781,
        2030,
        2282,
        5030
      ],
      "peakTime": [
        0.10540000000000001,
        0.1554,
        0.2054,
        0.2558,
        0.3058,
        0.3562,
        0.406,
        0.45640000000000003,
        1.006
      ],
      "peakVolt": [
        -0.07378190755844116,
        -0.07388124614953995,
        -0.07376152276992798,
        -0.07380658388137817,
        -0.07394605875015259,
        -0.07406742870807648,
        -0.07396809756755829,
        -0.0737944096326828,
        -0.07463782280683517
      ]
    },
    "synapse": {
      "U": 0.041236939720451504,
      "tauR": 1.7451591626285559,
      "tauF": 0.03791637688053573,
      "tau": 1.506190738902562,
      "cond": 0.04014981268966383,
      "nmda_ratio": 0.8925575308790917
    },
    "meta": {
      "type": "FS9",
      "experiment": "GBZ_CC_H20",
      "datafile": "DATA/YvonneJohansson2019/TH_Analysis_191001.h5"
    }
  },
  "47": {
    "soma": {
      "somaDiameter": 1.9058250139306444e-05,
      "somaGleak": 8.795725529807978
    },
    "peaks": {
      "peakIdx": [
        534,
        787,
        1035,
        1283,
        1534,
        1785,
        2036,
        2285,
        5037
      ],
      "peakTime": [
        0.1068,
        0.1574,
        0.20700000000000002,
        0.2566,
        0.3068,
        0.35700000000000004,
        0.4072,
        0.457,
        1.0074
      ],
      "peakVolt": [
        -0.07270756363868713,
        -0.07256152480840683,
        -0.072645403444767,
        -0.07235920429229736,
        -0.07264735549688339,
        -0.07264440506696701,
        -0.07270131260156631,
        -0.07282862812280655,
        -0.07309111952781677
      ]
    },
    "synapse": {
      "U": 0.07971665494203539,
      "tauR": 0.7878506985427967,
      "tauF": 0.052357816089290944,
      "tau": 0.05699554574427801,
      "cond": 0.01724696938627196,
      "nmda_ratio": 0.6674154097913345
    },
    "meta": {
      "type": "FS6",
      "experiment": "GBZ_CC_H20",
      "datafile": "DATA/YvonneJohansson2019/TH_Analysis_191001.h5"
    }
  },
  "62": {
    "soma": {
      "somaDiameter": 2.640908405356374e-05,
      "somaGleak": 2.2654723187854886
    },
    "peaks": {
      "peakIdx": [
        532,
        783,
        1033,
        1286,
        1534,
        1782,
        2031,
        2282,
        5032
      ],
      "peakTime": [
        0.10640000000000001,
        0.15660000000000002,
        0.2066,
        0.25720000000000004,
        0.3068,
        0.3564,
        0.4062,
        0.45640000000000003,
        1.0064
      ],
      "peakVolt": [
        -0.07087070494890213,
        -0.06953711807727814,
        -0.06913671642541885,
        -0.0704144537448883,
        -0.0717269629240036,
        -0.07148906588554382,
        -0.07191368192434311,
        -0.07272148877382278,
        -0.0726015567779541
      ]
    },
    "synapse": {
      "U": 0.11202423990256596,
      "tauR": 0.7795395786165338,
      "tauF": 0.04297428113075687,
      "tau": 0.2866032959913703,
      "cond": 0.0412465345500681,
      "nmda_ratio": 0.6009137621477414
    },
    "meta": {
      "type": "FS13",
      "experiment": "GBZ_CC_H20",
      "datafile": "DATA/YvonneJohansson2019/TH_Analysis_191001.h5"
    }
  },
  "65": {
    "soma": {
      "somaDiameter": 2.7277499607588403e-05,
      "somaGleak": 2.318249146410468
    },
    "peaks": {
      "peakIdx": [
        534,
        785,
        1037,
        1288,
        1538,
        1792,
        2042,
        2292,
        5033
      ],
      "peakTime": [
        0.1068,
        0.157,
        0.2074,
        0.2576,
        0.30760000000000004,
        0.3584,
        0.40840000000000004,
        0.45840000000000003,
        1.0066
      ],
      "peakVolt": [
        -0.06738221645355225,
        -0.06556660681962967,
        -0.06650058925151825,
        -0.06742186844348907,
        -0.06886172294616699,
        -0.0692996084690094,
        -0.06976699084043503,
        -0.07071387022733688,
        -0.07137149572372437
      ]
    },
    "synapse": {
      "U": 0.12155742817213386,
      "tauR": 1.5372345232442148,
      "tauF": 0.043970726557372636,
      "tau": 0.5163641791388093,
      "cond": 0.05846464301575964,
      "nmda_ratio": 0.8694039872518907
    },
    "meta": {
      "type": "FS16",
      "experiment": "GBZ_CC_H20",
      "datafile": "DATA/YvonneJohansson2019/TH_Analysis_191001.h5"
    }
  },
  "74": {
    "soma": {
      "somaDiameter": 1.492457790636422e-05,
      "somaGleak": 2.6536170754462085
    },
    "peaks": {
      "peakIdx": [
        542,
        788,
        1039,
        1291,
        1542,
        1798,
        2047,
        2303,
        5048
      ],
      "peakTime": [
        0.10840000000000001,
        0.15760000000000002,
        0.2078,
        0.2582,
        0.3084,
        0.35960000000000003,
        0.40940000000000004,
        0.4606,
        1.0096
      ],
      "peakVolt": [
        -0.0712374895811081,
        -0.07109756767749786,
        -0.07154791802167892,
        -0.0725010335445404,
        -0.07248525321483612,
        -0.0730275958776474,
        -0.07291266322135925,
        -0.07316720485687256,
        -0.07224150002002716
      ]
    },
    "synapse": {
      "U": 0.19997110769846946,
      "tauR": 0.673073553857449,
      "tauF": 0.024120543435785416,