{
  "26": {
    "soma": {
      "somaDiameter": 1.7903412683184918e-05,
      "somaGleak": 4.511533601354539
    },
    "peaks": {
      "peakIdx": [
        521,
        772,
        1024,
        1272,
        1522,
        1776,
        2023,
        2274,
        5023
      ],
      "peakTime": [
        0.1042,
        0.1544,
        0.2048,
        0.2544,
        0.3044,
        0.3552,
        0.4046,
        0.45480000000000004,
        1.0046
      ],
      "peakVolt": [
        -0.0644889697432518,
        -0.0642007440328598,
        -0.06403198093175888,
        -0.06408713012933731,
        -0.06393346190452576,
        -0.06369558721780777,
        -0.06387904286384583,
        -0.06379963457584381,
        -0.06446949392557144
      ]
    },
    "synapse": {
      "U": 0.06740802984278194,
      "tauR": 0.13996279328497185,
      "tauF": 0.08157217246710613,
      "tau": 0.06727080754728033,
      "cond": 0.0030837641269656213,
      "nmda_ratio": 6.6918606040008735
    },
    "meta": {
      "type": "ChAT10",
      "experiment": "GBZ_CC_H20",
      "datafile": "DATA/YvonneJohansson2019/M1RH_Analysis_190925.h5"
    }
  },
  "62": {
    "soma": {
      "somaDiameter": 1.6379650985058262e-05,
      "somaGleak": 3.296310191910988
    },
    "peaks": {
      "peakIdx": [
        570,
        798,
        1062,
        1296,
        1548,
        1805,
        2043,
        2312,
        5076
      ],
      "peakTime": [
        0.114,
        0.15960000000000002,
        0.2124,
        0.2592,
        0.30960000000000004,
        0.36100000000000004,
        0.4086,
        0.46240000000000003,
        1.0152
      ],
      "peakVolt": [
        -0.06923624873161316,
        -0.0680256262421608,
        -0.0678631141781807,
        -0.06741874665021896,
        -0.06748469173908234,
        -0.06720906496047974,
        -0.06711218506097794,
        -0.06750781834125519,
        -0.07073531299829483
      ]
    },
    "synapse": {
      "U": 0.06574778602673036,
      "tauR": 0.5581476966846008,
      "tauF": 0.18738067340445785,
      "tau": 0.3935924933840104,
      "cond": 0.005513412937479256,
      "nmda_ratio": 3.9239575163779383
    },
    "meta": {
      "type": "ChAT6",
      "experiment": "GBZ_CC_H20",
      "datafile": "DATA/YvonneJohansson2019/M1RH_Analysis_190925.h5"
    }
  },
  "111": {
    "soma": {
      "somaDiameter": 1.600000000155104e-05,
      "somaGleak": 3.0000000012317085
    },
    "peaks": {
      "peakIdx": [
        528,
        776,
        1027,
        1275,
        1529,
        1776,
        2029,
        2277,
        5028
      ],
      "peakTime": [
        0.1056,
        0.1552,
        0.2054,
        0.255,
        0.3058,
        0.3552,
        0.4058,
        0.4554,
        1.0056
      ],
      "peakVolt": [
        -0.06874881684780121,
        -0.06872303783893585,
        -0.068809375166893,
        -0.06878554075956345,
        -0.06873242557048798,
        -0.06888359785079956,
        -0.06876523792743683,
        -0.06907578557729721,
        -0.0689152330160141
      ]
    },
    "synapse": {
      "U": 0.8941094853363152,
      "tauR": 0.010663317651841153,
      "tauF": 1.753858670468658,
      "tau": 0.005793880297283717,
      "cond": 0.002916417729954966,
      "nmda_ratio": 4.441325192406086
    },
    "meta": {
      "type": "ChAT14",
      "experiment": "GBZ_CC_H20",
      "datafile": "DATA/YvonneJohansson2019/M1RH_Analysis_190925.h5"
    }
  },
  "121": {
    "soma": {
      "somaDiameter": 1.6e-05,
      "somaGleak": 3.0
    },
    "peaks": {
      "peakIdx": [
        525,
        775,
        1027,
        1279,
        1530,
        1776,
        2029,
        2280,
        5025
      ],
      "peakTime": [
        0.10500000000000001,
        0.155,
        0.2054,
        0.2558,
        0.306,
        0.3552,
        0.4058,
        0.456,
        1.0050000000000001
      ],
      "peakVolt": [
        -0.0534588098526001,
        -0.05328068509697914,
        -0.0529085174202919,
        -0.05272045359015465,
        -0.05267897993326187,
        -0.052559949457645416,
        -0.052416764199733734,
        -0.05237896740436554,
        -0.05327500030398369
      ]
    },
    "synapse": {
      "U": 0.405613471953177,
      "tauR": 0.019041585597001198,
      "tauF": 0.17833176762656788,
      "tau": 0.0005286324254217913,
      "cond": 0.0030970488420976883,
      "nmda_ratio": 3.236248041974134
    },
    "meta": {
      "type": "ChAT3",
      "experiment": "GBZ_CC_H20",
      "datafile": "DATA/YvonneJohansson2019/M1RH_Analysis_190925.h5"
    }
  },
  "125": {
    "soma": {
      "somaDiameter": 2.074858327781447e-05,
      "somaGleak": 4.932136379901249
    },
    "peaks": {
      "peakIdx": [
        535,
        777,
        1028,
        1278,
        1530,
        1783,
        2030,
        2281,
        5027
      ],
      "peakTime": [
        0.10700000000000001,
        0.1554,
        0.2056,
        0.2556,
        0.306,
        0.35660000000000003,
        0.406,
        0.4562,
        1.0054
      ],
      "peakVolt": [
        -0.06329077482223511,
        -0.0630970373749733,
        -0.06307733058929443,
        -0.06314661353826523,
        -0.06321090459823608,
        -0.06334343552589417,
        -0.06328263133764267,
        -0.06333410739898682,
        -0.06340455263853073
      ]
    },
    "synapse": {
      "U": 0.13203471311722315,
      "tauR": 0.8750502025751747,
      "tauF": 0.299089405713729,
      "tau": 0.09772313030324074,
      "cond": 0.0029512858425098237,
      "nmda_ratio": 3.968925635067396
    },
    "meta": {
      "type": "ChAT10",
      "experiment": "GBZ_CC_H20",
      "datafile": "DATA/YvonneJohansson2019/M1RH_Analysis_190925.h5"
    }
  },
  "126": {
    "soma": {
      "somaDiameter": 2.5393550498021116e-05,
      "somaGleak": 8.820699576473194
    },
    "peaks": {
      "peakIdx": [
        523,
        767,
        1021,
        1271,
        1520,
        1770,
        2021,
        2272,
        5018
      ],
      "peakTime": [
        0.1046,
        0.1534,
        0.20420000000000002,
        0.25420000000000004,
        0.304,
        0.35400000000000004,
        0.4042,
        0.4544,
        1.0036
      ],
      "peakVolt": [
        -0.06420142203569412,
        -0.06401960551738739,
        -0.06405340880155563,
        -0.06394317746162415,
        -0.06395397335290909,
        -0.06398750096559525,
        -0.06392670422792435,
        -0.06394317746162415,
        -0.06413578242063522
      ]
    },
    "synapse": {
      "U": 0.06196109348090478,
      "tauR": 1.6228972479057069,
      "tauF": 0.6514580525489112,
      "tau": 0.6121010011628736,
      "cond": 0.0033615981368457226,
      "nmda_ratio": 5.358800267817722
    },
    "meta": {
      "type": "ChAT12",
      "experiment": "GBZ_CC_H20",
      "datafile": "DATA/YvonneJohansson2019/M1RH_Analysis_190925.h5"
    }
  },
  "189": {
    "soma": {
      "somaDiameter": 3.438271625156884e-05,
      "somaGleak": 2.0083598770101614
    },
    "peaks": {
      "peakIdx": [
        514,
        766,
        1017,
        1269,
        1522,
        1772,
        2024,
        2272,
        5019
      ],
      "peakTime": [
        0.1028,
        0.1532,
        0.2034,
        0.2538,
        0.3044,
        0.3544,
        0.4048,
        0.4544,
        1.0038
      ],
      "peakVolt": [
        -0.06767552345991135,
        -0.0671195313334465,
        -0.06691744923591614,
        -0.06704530864953995,
        -0.06699296832084656,
        -0.06697681546211243,
        -0.06692630052566528,
        -0.06691145896911621,
        -0.06760313361883163
      ]
    },
    "synapse": {
      "U": 0.09207161214559653,
      "tauR": 1.525111955838439,
      "tauF": 0.705683799166376,
      "tau": 0.45105091634593136,
      "cond": 0.004896951152339568,
      "nmda_ratio": 3.9193466383475384
    },
    "meta": {
      "type": "ChAT11",