{
  "54": {
    "soma": {
      "somaDiameter": 2.5593090630525752e-05,
      "somaGleak": 2.4329632961555654
    },
    "peaks": {
      "peakIdx": [
        529,
        780,
        1031,
        1280,
        1530,
        1783,
        2032,
        2279,
        5028
      ],
      "peakTime": [
        0.1058,
        0.156,
        0.20620000000000002,
        0.256,
        0.306,
        0.35660000000000003,
        0.40640000000000004,
        0.45580000000000004,
        1.0056
      ],
      "peakVolt": [
        -0.07157187163829803,
        -0.07050499320030212,
        -0.07064250856637955,
        -0.0713181272149086,
        -0.07165062427520752,
        -0.07269874960184097,
        -0.0721331238746643,
        -0.07315874844789505,
        -0.07488937675952911
      ]
    },
    "synapse": {
      "U": 0.11202252936433822,
      "tauR": 1.5518254559865483,
      "tauF": 0.09313168275084764,
      "tau": 0.717165802038419,
      "cond": 0.025893338894589793,
      "nmda_ratio": 0.21946572538530842
    },
    "meta": {
      "type": "FS10",
      "experiment": "GBZ_CC_H20",
      "datafile": "DATA/YvonneJohansson2019/M1RH_Analysis_190925.h5"
    }
  },
  "88": {
    "soma": {
      "somaDiameter": 1.8497169363715793e-05,
      "somaGleak": 12.016202982240625
    },
    "peaks": {
      "peakIdx": [
        522,
        773,
        1024,
        1275,
        1524,
        1777,
        2026,
        2273,
        5022
      ],
      "peakTime": [
        0.1044,
        0.15460000000000002,
        0.2048,
        0.255,
        0.3048,
        0.3554,
        0.4052,
        0.4546,
        1.0044
      ],
      "peakVolt": [
        -0.07616051286458969,
        -0.07601648569107056,
        -0.0761045515537262,
        -0.07600625604391098,
        -0.07626847922801971,
        -0.07633379846811295,
        -0.07620369642972946,
        -0.07628777623176575,
        -0.07638779282569885
      ]
    },
    "synapse": {
      "U": 0.12633263538652045,
      "tauR": 0.6058556871777849,
      "tauF": 0.06482547409727779,
      "tau": 0.04656010756956837,
      "cond": 0.011467888381163966,
      "nmda_ratio": 0.426707734478346
    },
    "meta": {
      "type": "FS11",
      "experiment": "GBZ_CC_H20",
      "datafile": "DATA/YvonneJohansson2019/M1RH_Analysis_190925.h5"
    }
  },
  "91": {
    "soma": {
      "somaDiameter": 3.3661542531703944e-05,
      "somaGleak": 0.3052828228901929
    },
    "peaks": {
      "peakIdx": [
        528,
        790,
        1033,
        1281,
        1533,
        1783,
        2035,
        2283,
        5030
      ],
      "peakTime": [
        0.1056,
        0.158,
        0.2066,
        0.25620000000000004,
        0.30660000000000004,
        0.35660000000000003,
        0.40700000000000003,
        0.4566,
        1.006
      ],
      "peakVolt": [
        -0.06598303467035294,
        -0.06711309403181076,
        -0.06593631207942963,
        -0.06486785411834717,
        -0.06395119428634644,
        -0.06350506842136383,
        -0.06397172063589096,
        -0.06310386210680008,
        -0.06824880093336105
      ]
    },
    "synapse": {
      "U": 0.20684193730386116,
      "tauR": 0.015665787278711162,
      "tauF": 0.31962786681154254,
      "tau": 0.002202616203230555,
      "cond": 0.004652804950974341,
      "nmda_ratio": 0.9498599353715413
    },
    "meta": {
      "type": "FS3",
      "experiment": "GBZ_CC_H20",
      "datafile": "DATA/YvonneJohansson2019/M1RH_Analysis_190925.h5"
    }
  },
  "151": {
    "soma": {
      "somaDiameter": 2.1752556683025368e-05,
      "somaGleak": 5.978331632081917
    },
    "peaks": {
      "peakIdx": [
        532,
        781,
        1031,
        1282,
        1532,
        1784,
        2033,
        2281,
        5032
      ],
      "peakTime": [
        0.10640000000000001,
        0.1562,
        0.20620000000000002,
        0.2564,
        0.3064,
        0.3568,
        0.4066,
        0.4562,
        1.0064
      ],
      "peakVolt": [
        -0.07106667011976242,
        -0.07256695628166199,
        -0.07115773856639862,
        -0.07081666588783264,
        -0.0719800516963005,
        -0.0713062509894371,
        -0.07200594991445541,
        -0.0716589167714119,
        -0.07377977669239044
      ]
    },
    "synapse": {
      "U": 0.07031696756753586,
      "tauR": 0.9684245346724644,
      "tauF": 0.04531226338465092,
      "tau": 0.6724505363634442,
      "cond": 0.06670599765133876,
      "nmda_ratio": 0.37733624496750584
    },
    "meta": {
      "type": "FS14",
      "experiment": "GBZ_CC_H20",
      "datafile": "DATA/YvonneJohansson2019/M1RH_Analysis_190925.h5"
    }
  },
  "153": {
    "soma": {
      "somaDiameter": 1.9768788956610662e-05,
      "somaGleak": 28.90787095258805
    },
    "peaks": {
      "peakIdx": [
        526,
        775,
        1028,
        1278,
        1530,
        1780,
        2031,
        2281,
        5028
      ],
      "peakTime": [
        0.1052,
        0.155,
        0.2056,
        0.2556,
        0.306,
        0.35600000000000004,
        0.4062,
        0.4562,
        1.0056
      ],
      "peakVolt": [
        -0.06814922392368317,
        -0.0700148418545723,
        -0.06895898282527924,
        -0.06852148473262787,
        -0.06898514926433563,
        -0.06912616640329361,
        -0.06956563144922256,
        -0.0693964883685112,
        -0.07015742361545563
      ]
    },
    "synapse": {
      "U": 0.036571622978431084,
      "tauR": 1.7932946117237447,
      "tauF": 1.848863928926928,
      "tau": 1.1827046455484267,
      "cond": 0.07743946324756674,
      "nmda_ratio": 0.9988930080477232
    },
    "meta": {
      "type": "FS2",
      "experiment": "GBZ_CC_H20",
      "datafile": "DATA/YvonneJohansson2019/M1RH_Analysis_190925.h5"
    }
  },
  "156": {
    "soma": {
      "somaDiameter": 5e-05,
      "somaGleak": 3.720419404236194
    },
    "peaks": {
      "peakIdx": [
        531,
        780,
        1031,
        1279,
        1532,
        1785,
        2034,
        2284,
        5033
      ],
      "peakTime": [
        0.1062,
        0.156,
        0.20620000000000002,
        0.2558,
        0.3064,
        0.35700000000000004,
        0.4068,
        0.45680000000000004,
        1.0066
      ],
      "peakVolt": [
        -0.07534478604793549,
        -0.07594208419322968,
        -0.07587501406669617,
        -0.07590332627296448,
        -0.07576457411050797,
        -0.07570666819810867,
        -0.07583582401275635,
        -0.07588167488574982,
        -0.07624415308237076
      ]
    },
    "synapse": {
      "U": 0.020946529238480394,
      "tauR": 0.9651918392738308,
      "tauF": 0.026843450932632545,
      "tau": 0.6066989455677081,
      "cond": 0.045005580806382055,
      "nmda_ratio": 0.48362673153068897
    },
    "meta": {
      "type": "FS5",
      "experiment": "GBZ_CC_H20",
      "datafile": "DATA/YvonneJohansson2019/M1RH_Analysis_190925.h5"
    }
  },
  "157": {
    "soma": {
      "somaDiameter": 1.8941338752335157e-05,
      "somaGleak": 29.999342596143123
    },
    "peaks": {
      "peakIdx": [
        525,
        775,
        1026,
        1277,
        1528,
        1779,
        2029,
        2279,
        5028
      ],
      "peakTime": [
        0.10500000000000001,
        0.155,
        0.20520000000000002,
        0.2554,
        0.30560000000000004,
        0.3558,
        0.4058,
        0.45580000000000004,
        1.0056
      ],
      "peakVolt": [
        -0.07378409057855606,
        -0.07387243956327438,
        -0.07418438047170639,
        -0.0740889236330986,
        -0.07469659298658371,
        -0.0750843733549118,
        -0.07502471655607224,
        -0.07520255446434021,
        -0.07560994476079941
      ]
    },
    "synapse": {
      "U": 0.08429800907543485,
      "tauR": 0.6584880672201204,
      "tauF": 0.09830804344675667,
      "tau": 0.14649568933417467,
      "cond": 0.08191740378501326,