{
    "117": {
        "meta": {
            "datafile": "DATA/YvonneJohansson2019/M1LH_Analysis_191001.h5",
            "experiment": "GBZ_CC_H20",
            "type": "MSN3"
        },
        "peaks": {
            "peakIdx": [
                550,
                801,
                1049,
                1303,
                1556,
                1807,
                2059,
                2309,
                5052
            ],
            "peakTime": [
                0.11,
                0.1602,
                0.20980000000000001,
                0.2606,
                0.31120000000000003,
                0.3614,
                0.4118,
                0.46180000000000004,
                1.0104
            ],
            "peakVolt": [
                -0.07789065688848495,
                -0.07881028950214386,
                -0.07895717769861221,
                -0.07906151562929153,
                -0.07906673103570938,
                -0.0795147642493248,
                -0.07947839796543121,
                -0.07988451421260834,
                -0.07856263220310211
            ]
        },
        "soma": {
            "somaDiameter": 3.086466834026978e-05,
            "somaGleak": 1.819570455331205
        },
        "synapse": {
            "U": 0.3296491068243305,
            "cond": 0.029866690967505802,
            "failRate": 0.5800000000000001,
            "nmda_ratio": 3.62235766734815,
            "tau": 0.004606843133301164,
            "tauF": 0.007795685243442652,
            "tauR": 0.1106859867359039
        }
    },
    "131": {
        "meta": {
            "datafile": "DATA/YvonneJohansson2019/M1LH_Analysis_191001.h5",
            "experiment": "GBZ_CC_H20",
            "type": "MSN10"
        },
        "peaks": {
            "peakIdx": [
                536,
                788,
                1040,
                1290,
                1541,
                1791,
                2042,
                2293,
                5042
            ],
            "peakTime": [
                0.1072,
                0.15760000000000002,
                0.20800000000000002,
                0.258,
                0.30820000000000003,
                0.3582,
                0.40840000000000004,
                0.4586,
                1.0084
            ],
            "peakVolt": [
                -0.07216886430978775,
                -0.0767507329583168,
                -0.07635438442230225,
                -0.07629308849573135,
                -0.07658529281616211,
                -0.07635857909917831,
                -0.0766054317355156,
                -0.07655508071184158,
                -0.07500743865966797
            ]
        },
        "soma": {
            "somaDiameter": 1.9138861088659353e-05,
            "somaGleak": 11.849459843182085
        },
        "synapse": {
            "U": 0.8702992375965153,
            "cond": 0.08806335607238144,
            "failRate": 0.5800000000000001,
            "nmda_ratio": 5.267419259844725,
            "tau": 0.0066013830297335764,
            "tauF": 0.015546841991068715,
            "tauR": 0.10319074022850766
        }
    },
    "132": {
        "meta": {
            "datafile": "DATA/YvonneJohansson2019/M1LH_Analysis_191001.h5",
            "experiment": "GBZ_CC_H20",
            "type": "MSN11"
        },
        "peaks": {
            "peakIdx": [
                531,
                780,
                1031,
                1282,
                1531,
                1782,
                2032,
                2282,
                5034
            ],
            "peakTime": [
                0.1062,
                0.156,
                0.20620000000000002,
                0.2564,
                0.3062,
                0.3564,
                0.40640000000000004,
                0.45640000000000003,
                1.0068000000000001
            ],
            "peakVolt": [
                -0.08341172337532043,
                -0.08486061543226242,
                -0.08443985134363174,
                -0.08454090356826782,
                -0.08472081273794174,
                -0.08482509106397629,
                -0.08496058732271194,
                -0.08491223305463791,
                -0.08533643931150436
            ]
        },
        "soma": {
            "somaDiameter": 2.9290841913920828e-05,
            "somaGleak": 2.0192065354968993
        },
        "synapse": {
            "U": 0.12016233660032738,
            "cond": 0.0242716953375737,
            "failRate": 0.5800000000000001,
            "nmda_ratio": 3.2060850984903126,
            "tau": 0.40017307596911533,
            "tauF": 0.007336044029362429,
            "tauR": 1.096276153762827
        }
    },
    "47": {
        "meta": {
            "datafile": "DATA/YvonneJohansson2019/M1LH_Analysis_191001.h5",
            "experiment": "GBZ_CC_H20",
            "type": "MSN5D1"
        },
        "peaks": {
            "peakIdx": [
                532,
                781,
                1035,
                1280,
                1531,
                1783,
                2033,
                2285,
                5037
            ],
            "peakTime": [
                0.10640000000000001,
                0.1562,
                0.20700000000000002,
                0.256,
                0.3062,
                0.35660000000000003,
                0.4066,
                0.457,
                1.0074
            ],
            "peakVolt": [
                -0.07759707421064377,
                -0.07816917449235916,
                -0.07810770720243454,
                -0.07811542600393295,
                -0.07810875028371811,
                -0.07809042185544968,
                -0.07802561670541763,
                -0.07813561707735062,
                -0.0782548040151596
            ]
        },
        "soma": {
            "somaDiameter": 2.5286687126494522e-05,
            "somaGleak": 12.000623500822204
        },
        "synapse": {
            "U": 0.10510855994566672,
            "cond": 0.020287952995403563,
            "failRate": 0.5800000000000001,
            "nmda_ratio": 3.7138553119614657,
            "tau": 0.23027348213211624,
            "tauF": 0.0014533823213334234,
            "tauR": 1.5182691783564584
        }
    },
    "72": {
        "meta": {
            "datafile": "DATA/YvonneJohansson2019/M1LH_Analysis_191001.h5",
            "experiment": "GBZ_CC_H20",
            "type": "MSN8"
        },
        "peaks": {
            "peakIdx": [
                543,
                793,
                1045,
                1294,
                1546,
                1799,
                2048,
                2298,
                5045
            ],
            "peakTime": [
                0.1086,
                0.15860000000000002,
                0.20900000000000002,
                0.25880000000000003,
                0.30920000000000003,
                0.3598,
                0.4096,
                0.4596,
                1.0090000000000001
            ],
            "peakVolt": [
                -0.08300458639860153,
                -0.0838504210114479,
                -0.08368374407291412,
                -0.0837012529373169,
                -0.0837862566113472,
                -0.08364833146333694,
                -0.0836387574672699,
                -0.08361832797527313,
                -0.08353583514690399
            ]
        },
        "soma": {
            "somaDiameter": 1.4160017745256472e-05,
            "somaGleak": 2.5205485229844675
        },
        "synapse": {
            "U": 0.7041883511527004,
            "cond": 0.0036328582843294694,
            "failRate": 0.5800000000000001,
            "nmda_ratio": 3.6423060064778197,
            "tau": 0.030899162309808124,
            "tauF": 0.3546957893305829,
            "tauR": 0.07630314670222305
        }
    },