{"111": {"soma": {"somaDiameter": 1.600000000155104e-05, "somaGleak": 3.0000000012317085}, "peaks": {"peakIdx": [528, 776, 1027, 1275, 1529, 1776, 2029, 2277, 5028], "peakTime": [0.1056, 0.1552, 0.2054, 0.255, 0.3058, 0.3552, 0.4058, 0.4554, 1.0056], "peakVolt": [-0.06874881684780121, -0.06872303783893585, -0.068809375166893, -0.06878554075956345, -0.06873242557048798, -0.06888359785079956, -0.06876523792743683, -0.06907578557729721, -0.0689152330160141]}, "synapse": {"U": 0.8941094853363152, "tauR": 0.010663317651841153, "tauF": 1.753858670468658, "tau": 0.005793880297283717, "cond": 0.002916417729954966, "nmda_ratio": 4.441325192406086}, "meta": {"type": "ChAT14", "experiment": "GBZ_CC_H20", "datafile": "DATA/YvonneJohansson2019/M1RH_Analysis_190925.h5"}}}