{
  "p3e12143b": {
    "m3fe14df8": {
      "current": [
        4.004358974358973e-10,
        4.2607692307692305e-10,
        4.5171794871794867e-10,
        4.773589743589744e-10,
        5.03e-10
      ],
      "frequency": [
        6.648936170211988,
        12.804097311136653,
        18.38235294117229,
        23.201856148486605,
        27.322404371578486
      ]
    },
    "m54d1813f": {
      "current": [
        4.2607692307692305e-10,
        4.5171794871794867e-10,
        4.773589743589744e-10,
        5.03e-10
      ],
      "frequency": [
        6.485084306095619,
        12.626262626259756,
        18.083182640140553,
        22.779043280177053
      ]
    },
    "mf146ca77": {
      "current": [
        3.491538461538461e-10,
        3.747948717948718e-10,
        4.004358974358973e-10,
        4.2607692307692305e-10,
        4.5171794871794867e-10,
        4.773589743589744e-10,
        5.03e-10
      ],
      "frequency": [
        6.485084306094834,
        12.642225031602688,
        18.41620626150594,
        23.474178403750532,
        28.011204481786347,
        31.84713375795454,
        35.714285714277594
      ]
    },
    "mae7ae141": {
      "current": [
        4.5171794871794867e-10,
        4.773589743589744e-10,
        5.03e-10
      ],
      "frequency": [
        6.565988181220957,
        12.547051442908064,
        17.825311942954947
      ]
    },
    "meb6b73f0": {
      "current": [
        3.491538461538461e-10,
        3.747948717948718e-10,
        4.004358974358973e-10,
        4.2607692307692305e-10,
        4.5171794871794867e-10,
        4.773589743589744e-10,
        5.03e-10
      ],
      "frequency": [
        2.331002331004451,
        9.049773755654051,
        15.337423312879949,
        20.7039337474073,
        25.25252525251951,
        29.411764705875665,
        32.894736842097785
      ]
    },
    "mf078b8ba": {
      "current": [
        3.235128205128205e-10,
        3.491538461538461e-10,
        3.747948717948718e-10,
        4.004358974358973e-10,
        4.2607692307692305e-10,
        4.5171794871794867e-10,
        4.773589743589744e-10,
        5.03e-10
      ],
      "frequency": [
        7.645259938836182,
        14.005602240893174,
        19.723865877707546,
        24.937655860343458,
        29.58579881656132,
        33.7837837837761,
        37.17472118958263,
        40.650406504055795
      ]
    }
  },
  "p89a625f2": {
    "m3fe14df8": {
      "current": [
        4.004358974358973e-10,
        4.2607692307692305e-10,
        4.5171794871794867e-10,
        4.773589743589744e-10,
        5.03e-10
      ],
      "frequency": [
        6.195786864931612,
        12.936610608017757,
        18.832391713743363,
        23.529411764700534,
        27.100271002703867
      ]
    },
    "m54d1813f": {
      "current": [
        4.2607692307692305e-10,
        4.5171794871794867e-10,
        4.773589743589744e-10,
        5.03e-10
      ],
      "frequency": [
        5.837711617046638,
        12.23990208078057,
        17.88908765652545,
        22.779043280177053
      ]
    },
    "mf146ca77": {
      "current": [
        3.491538461538461e-10,
        3.747948717948718e-10,
        4.004358974358973e-10,
        4.2607692307692305e-10,
        4.5171794871794867e-10,
        4.773589743589744e-10,
        5.03e-10
      ],
      "frequency": [
        6.622516556289885,
        13.458950201881192,
        19.305019305014916,
        24.39024390243348,
        28.653295128933312,
        31.84713375795454,
        34.72222222221433
      ]
    },
    "mae7ae141": {
      "current": [
        4.5171794871794867e-10,
        4.773589743589744e-10,
        5.03e-10
      ],
      "frequency": [
        5.665722379604191,
        11.778563015309453,
        17.241379310340907
      ]
    },
    "meb6b73f0": {
      "current": [
        3.491538461538461e-10,
        3.747948717948718e-10,
        4.004358974358973e-10,
        4.2607692307692305e-10,
        4.5171794871794867e-10,
        4.773589743589744e-10,
        5.03e-10
      ],
      "frequency": [
        2.1795989537944847,
        9.33706816059545,
        15.847860538823655,
        21.097046413497313,
        25.380710659892706,
        28.81844380402803,
        31.948881789130116
      ]
    },
    "mf078b8ba": {
      "current": [
        3.235128205128205e-10,
        3.491538461538461e-10,
        3.747948717948718e-10,
        4.004358974358973e-10,
        4.2607692307692305e-10,
        4.5171794871794867e-10,
        4.773589743589744e-10,
        5.03e-10
      ],
      "frequency": [
        8.250825082506374,
        14.970059880236118,
        20.746887966800262,
        25.83979328164787,
        29.850746268649928,
        33.670033670026015,
        36.6300366300283,
        39.37007874014853
      ]
    }
  },
  "p9f83e3a0": {
    "m3fe14df8": {
      "current": [
        3.747948717948718e-10,
        4.004358974358973e-10,
        4.2607692307692305e-10,
        4.5171794871794867e-10,
        4.773589743589744e-10,
        5.03e-10
      ],
      "frequency": [
        2.472799208706502,
        8.944543828262725,
        14.992503748122529,
        20.53388090348609,
        25.316455696196776,
        29.58579881656132
      ]
    },
    "m54d1813f": {
      "current": [
        4.004358974358973e-10,
        4.2607692307692305e-10,
        4.5171794871794867e-10,
        4.773589743589744e-10,
        5.03e-10
      ],
      "frequency": [
        3.5223670306476724,
        9.775171065491424,
        15.527950310555475,
        20.7039337474073,
        25.445292620859355
      ]
    },
    "mae7ae141": {
      "current": [
        4.2607692307692305e-10,
        4.5171794871794867e-10,
        4.773589743589744e-10,
        5.03e-10
      ],
      "frequency": [
        4.472271914134775,
        10.52631578947129,
        16.12903225806085,
        21.141649048620987
      ]
    },
    "meb6b73f0": {
      "current": [
        3.491538461538461e-10,
        3.747948717948718e-10,
        4.004358974358973e-10,
        4.2607692307692305e-10,
        4.5171794871794867e-10,
        4.773589743589744e-10,
        5.03e-10
      ],
      "frequency": [
        4.766444232604272,
        11.36363636363378,
        17.574692442878252,
        22.831050228305312,
        27.54820936638492,
        31.64556962024597,
        35.2112676056258
      ]
    }
  },
  "pa1bf191a": {
    "m3fe14df8": {
      "current": [
        4.004358974358973e-10,
        4.2607692307692305e-10,
        4.5171794871794867e-10,
        4.773589743589744e-10,
        5.03e-10
      ],
      "frequency": [
        7.7881619937677,
        14.326647564466656,
        20.080321285135998,
        25.062656641598313,
        29.239766081864698
      ]
    },
    "m54d1813f": {
      "current": [
        4.2607692307692305e-10,
        4.5171794871794867e-10,
        4.773589743589744e-10,
        5.03e-10
      ],
      "frequency": [
        8.064516129030425,
        14.450867052019836,
        20.120724346071885,
        24.87562189054161
      ]
    },
    "mae7ae141": {
      "current": [
        4.2607692307692305e-10,
        4.5171794871794867e-10,
        4.773589743589744e-10,
        5.03e-10
      ],
      "frequency": [
        1.7730496453916835,
        8.453085376160377,
        14.619883040932349,
        19.920318725095072
      ]
    },
    "meb6b73f0": {
      "current": [
        3.491538461538461e-10,
        3.747948717948718e-10,
        4.004358974358973e-10,
        4.2607692307692305e-10,
        4.5171794871794867e-10,
        4.773589743589744e-10,
        5.03e-10
      ],
      "frequency": [
        2.9044437990151306,
        9.737098344691068,
        16.23376623376254,
        21.834061135366216,
        26.666666666660603,
        30.959752321974385,
        34.72222222221433
      ]
    }
  },