{
    "TegnerRun_benchmark-500000-neurons-3-nodes": {
        "init": [
            [0.0685366929974407, 72],
            [0.22358688339591026, 72],
            [0.1931355707347393, 72],
            [0.1674487590789795, 72]
        ],
        "place": [
            [467.8892617698293, 72],
            [476.41907039657235, 72],
            [460.32167844101787, 72],
            [482.9611955434084, 72]
        ],
        "detect": [
            [6422.755712435115, 72],
            [6415.876126356423, 72],
            [6416.58469940722, 72],
            [6461.90185777843, 72]
        ],
        "prune": [
            [7197.399516053498, 72]
        ]
    }
}
