{
  "DI_hp090224cells1_lab4_non3": {
    "U": 0.6144931378333115,
    "tauR": 0.12823585749405766,
    "tauF": 0.028472679481271128,
    "tau": 0.02818183744280939,
    "expdata": {
      "time": [
        0.10969999999999999,
        0.15699999999999997,
        0.2226,
        0.2568,
        0.31439999999999996,
        0.36179999999999995,
        0.4135,
        0.46399999999999997,
        1.0262
      ],
      "amplitude": [
        0.0003512425182481821,
        0.00017724176991620877,
        8.425179245023784e-05,
        0.0002058011389170361,
        0.00015129608751032753,
        0.00018597104165601896,
        0.00017667760025538715,
        0.00010668618632496407,
        0.0003484750554543503
      ]
    }
  }
}