{
    "TegnerRun_benchmark-20000-neurons-1-nodes": {
        "init": [
            [
                0.07276470214128494,
                1
            ]
        ],
        "place": [
            [
                25.592593017965555,
                24
            ]
        ],
        "detect": [
            [
                697.0114472471178,
                24
            ]
        ],
        "prune": [
            [
                555.833126258105,
                24
            ]
        ]
    }
}