{
    "TegnerRun_benchmark-500000-neurons-2-nodes": {
        "init": [
            [0.15999719873070717, 48]
        ],
        "place": [
            [471.9329679682851, 48]
        ],
        "detect": [
            [9460.257775265723, 48]
        ],
        "prune": [
            [9173.507021516562, 48]
        ]
    }
}
