{
    "FS" : {
	"U" : [1e-3, 1.0],
	"tauR" : [1e-4, 2.0],
	"tauF" : [1e-4, 2.0],
	"tauRatio" : [0, 0.9999999],
	"cond" : [1e-11,1e-9]
    },

    "SPN" : {
	"U" : [1e-3, 1.0],
	"tauR" : [1e-4, 2.0],
	"tauF" : [1e-4, 2.0],
	"tauRatio" : [0, 0.9999999],
	"cond" : [1e-11,1e-9]
    },

    "dSPN" : {
	"U" : [1e-3, 1.0],
	"tauR" : [1e-4, 2.0],
	"tauF" : [1e-4, 2.0],
	"tauRatio" : [0, 0.9999999],
	"cond" : [1e-11,1e-9]
    },

    "iSPN" : {
	"U" : [1e-3, 1.0],
	"tauR" : [1e-4, 2.0],
	"tauF" : [1e-4, 2.0],
	"tauRatio" : [0, 0.9999999],
	"cond" : [1e-11,1e-9]
    },

    "CHAT" : {
	"U" : [1e-3, 1.0],
	"tauR" : [1e-4, 2.0],
	"tauF" : [1e-4, 2.0],
	"tauRatio" : [0, 0.99999999],
	"cond" : [1e-11, 1e-9]
    },

    "LTS" : {
	"U" : [0.75, 1.5],
	"tauR" : [1e-4, 0.1],
	"tauF" : [1e-1, 1.0],
	"tauRatio" : [0, 0.99999999],
	"cond" : [1e-12, 1.5e-11]
    }
    
}
