{
    "TegnerRun_benchmark-100000-neurons-1-nodes": {
        "init": [
            [
                0.17470516823232174,
                1
            ]
        ],
        "place": [
            [
                99.26711610518396,
                24
            ]
        ],
        "detect": [
            [
                3609.5124060735106,
                24
            ]
        ],
        "prune": [
            [
                2945.858756715432,
                24
            ]
        ]
    }
}