{
  "M1LH_UP37_MSN7D1_CC_GBZH20": {
    "U": 0.29170047435378244,
    "tauR": 0.14100365351889477,
    "tauF": 0.0011785958377304798,
    "tau": 0.03397174175400806,
    "expdata": {
      "time": [
        0.10740000000000001,
        0.157,
        0.2074,
        0.25780000000000003,
        0.30760000000000004,
        0.3578,
        0.4082,
        0.45780000000000004,
        1.008
      ],
      "amplitude": [
        0.0012078359723091125,
        0.0009328064119828866,
        0.0010364573986238051,
        0.0008716934695872924,
        0.0006657321995198612,
        0.00083904809996313,
        0.0007682854182579357,
        0.0007731609614072682,
        0.0011261681453894334
      ]
    }
  },
  "M1LH_UP39_MSN9D1_CC_GBZH20": {
    "U": 0.09597989381146865,
    "tauR": 1.5457957976816532,
    "tauF": 0.049363329971320195,
    "tau": 1.190000727269318,
    "expdata": {
      "time": [
        0.10500000000000001,
        0.156,
        0.20620000000000002,
        0.25620000000000004,
        0.307,
        0.3568,
        0.4068,
        0.45780000000000004,
        1.0048000000000001
      ],
      "amplitude": [
        0.0008406639099121094,
        0.0005639509560271955,
        0.0006569886116065821,
        0.0007082519593924058,
        0.0008531781158865603,
        0.0007774979602395704,
        0.0007306797937432219,
        0.0007721022028570057,
        0.0002447106130225307
      ]
    }
  },
  "M1LH_UP41_MSN11D1_CC_GBZH20": {
    "U": 0.05880036800528073,
    "tauR": 1.6688249419652812,
    "tauF": 0.07218883929596034,
    "tau": 1.337850515995117,
    "expdata": {
      "time": [
        0.10700000000000001,
        0.156,
        0.2066,
        0.25780000000000003,
        0.3068,
        0.35760000000000003,
        0.40700000000000003,
        0.4582,
        1.0066
      ],
      "amplitude": [
        0.0008579790592193604,
        0.00048704155253063985,
        0.0010321731881763607,
        0.0008901364920860522,
        0.001146421638763842,
        0.0010370775841596624,
        0.0009422994480896424,
        0.0008977780853920703,
        0.00041325699799599214
      ]
    }
  },
  "M1LH_UP44_MSN2D1_CC_GBZH20": {
    "U": 0.2818812578541019,
    "tauR": 0.032371311764455825,
    "tauF": 0.03374213159981281,
    "tau": 0.02731802123251043,
    "expdata": {
      "time": [
        0.10740000000000001,
        0.15760000000000002,
        0.20800000000000002,
        0.2582,
        0.30760000000000004,
        0.3584,
        0.4082,
        0.458,
        1.0088000000000001
      ],
      "amplitude": [
        0.0002772882580757141,
        0.0002833782904223259,
        0.00022368973245119605,
        0.00025288740794530973,
        0.0002425349904150026,
        0.00020984811335117426,
        0.0002844598175551216,
        0.0003599157124659913,
        0.0002719692238712379
      ]
    }
  },
  "M1LH_UP47_MSN5D1_CC_GBZH20": {
    "U": 0.23079717381821174,
    "tauR": 0.9692621878379731,
    "tauF": 0.00013672733044978874,
    "tau": 0.8278357770194718,
    "expdata": {
      "time": [
        0.10640000000000001,
        0.1562,
        0.20700000000000002,
        0.256,
        0.3062,
        0.35660000000000003,
        0.4066,
        0.457,
        1.0074
      ],
      "amplitude": [
        0.0010951310396194458,
        0.0004677710289183734,
        0.0005445888593990922,
        0.0004974368427013987,
        0.0004593864743718812,
        0.00042452929701623787,
        0.0005093946646294728,
        0.0003510617315806708,
        0.000366429926575082
      ]
    }
  },
  "M1LH_UP51_MSN9D1_CC_GBZH20": {
    "U": 0.2828920674126375,
    "tauR": 0.7337237355878155,
    "tauF": 0.016083199667779016,
    "tau": 0.7043754966552201,
    "expdata": {
      "time": [
        0.1048,
        0.1552,
        0.2056,
        0.2554,
        0.30460000000000004,
        0.35500000000000004,
        0.4052,
        0.4554,
        1.0052
      ],
      "amplitude": [
        0.0009359270334243774,
        0.0006532707681863592,
        0.0004183232026815642,
        0.00035657510302639084,
        0.0003081014562847234,
        0.0003119342897287547,
        0.00026903386507021176,
        0.00031487060501596276,
        0.0003434721326740914
      ]
    }
  },
  "M1LH_UP53_MSN10D1_CC_GBZH20": {
    "U": 0.01530991494902789,
    "tauR": 1.237185782490547,
    "tauF": 0.020287964294283763,
    "tau": 0.8959820186442178,
    "expdata": {
      "time": [
        0.10500000000000001,
        0.155,
        0.20520000000000002,
        0.2554,
        0.3052,
        0.3552,
        0.4056,
        0.4554,
        1.0054
      ],
      "amplitude": [
        0.00259438157081604,
        0.002586901073483472,
        0.002595359287488941,
        0.0028088991249918815,
        0.0025903369164583245,
        0.0026012354376220848,
        0.002415855213181009,
        0.002431751461198714,
        0.0024457964068732296
      ]
    }
  },
  "M1LH_UP54_MSN11D1_CC_GBZH20": {
    "U": 0.08717644904322777,
    "tauR": 1.8391949623461867,
    "tauF": 0.041380353416707955,
    "tau": 0.6637618729777909,
    "expdata": {
      "time": [
        0.1068,
        0.1564,
        0.2058,
        0.2558,
        0.306,
        0.3562,
        0.4062,
        0.4566,
        1.0064
      ],
      "amplitude": [
        0.0012517869472503662,
        0.0005993461557727564,
        0.0008889727618897614,
        0.0013650542474027694,
        0.0011986599189700575,
        0.0011982309738230723,
        0.0012334882930407076,
        0.0011857146698262544,
        0.00045622100498196594
      ]
    }
  },
  "M1LH_UP56_MSN13D1_CC_GBZH20": {
    "U": 0.009033052279509398,
    "tauR": 1.4935592207737423,
    "tauF": 0.12941174480183634,
    "tau": 0.25868045756827174,
    "expdata": {
      "time": [
        0.10640000000000001,
        0.156,
        0.2066,
        0.25680000000000003,
        0.306,
        0.35600000000000004,
        0.40640000000000004,
        0.45680000000000004,
        1.0054
      ],
      "amplitude": [
        0.00025568902492523193,
        0.000225286463824248,
        0.0004418603783577779,
        0.00042609290935491373,
        0.0004300340778223277,
        0.000577107651330358,
        0.0005811036766944916,
        0.00042601505166786624,
        0.0002347301652600997
      ]
    }
  },
  "M1LH_UP57_MSN15D1_CC_GBZH20": {
    "U": 0.0010002747237056082,
    "tauR": 0.03363635615399502,
    "tauF": 0.6571784369724937,
    "tau": 0.02362289176288106,
    "expdata": {
      "time": [
        0.1072,
        0.1574,
        0.20700000000000002,
        0.2576,
        0.307,
        0.35700000000000004,
        0.40800000000000003,
        0.458,
        1.0070000000000001
      ],
      "amplitude": [
        0.0001394525170326233,
        0.0003752757545634755,
        0.0005035366925727341,
        0.0006919554853205973,
        0.0005287951087468712,
        0.0006443558676484107,
        0.0006970934381609062,
        0.0006331673167110918,
        0.0003015493635000477
      ]
    }
  }
}