{
  "p4feff98b": {
    "m4cd420e2": {
      "current": [
        2.3565102040816323e-10,
        2.5095714285714275e-10,
        2.662632653061224e-10,
        2.8156938775510193e-10,
        2.9687551020408155e-10,
        3.1218163265306123e-10,
        3.2748775510204074e-10,
        3.427938775510203e-10,
        3.581e-10
      ],
      "frequency": [
        8.257638315439905,
        18.621973929232265,
        26.666666666660603,
        34.01360544216914,
        40.48582995950496,
        46.082949308745285,
        51.81347150257889,
        57.14285714284415,
        61.72839506171436
      ]
    },
    "m4fdebda2": {
      "current": [
        2.3565102040816323e-10,
        2.5095714285714275e-10,
        2.662632653061224e-10,
        2.8156938775510193e-10,
        2.9687551020408155e-10,
        3.1218163265306123e-10,
        3.2748775510204074e-10,
        3.427938775510203e-10,
        3.581e-10
      ],
      "frequency": [
        10.976948408339984,
        18.867924528297596,
        25.510204081626853,
        31.64556962024597,
        37.313432835812414,
        42.372881355922566,
        47.393364928899175,
        52.35602094239647,
        56.497175141230095
      ]
    },
    "m86da4874": {
      "current": [
        2.3565102040816323e-10,
        2.5095714285714275e-10,
        2.662632653061224e-10,
        2.8156938775510193e-10,
        2.9687551020408155e-10,
        3.1218163265306123e-10,
        3.2748775510204074e-10,
        3.427938775510203e-10,
        3.581e-10
      ],
      "frequency": [
        4.662004662008902,
        18.34862385320684,
        29.940119760472236,
        38.31417624520201,
        46.51162790696617,
        52.63157894735645,
        59.17159763312264,
        64.93506493505016,
        69.93006993005403
      ]
    },
    "m9175e580": {
      "current": [
        2.2034489795918366e-10,
        2.3565102040816323e-10,
        2.5095714285714275e-10,
        2.662632653061224e-10,
        2.8156938775510193e-10,
        2.9687551020408155e-10,
        3.1218163265306123e-10,
        3.2748775510204074e-10,
        3.427938775510203e-10,
        3.581e-10
      ],
      "frequency": [
        8.250825082506374,
        14.814814814811447,
        20.325203252027897,
        25.510204081626853,
        30.39513677810859,
        35.08771929823764,
        39.68253968253066,
        43.859649122797045,
        48.30917874395037,
        52.35602094239647
      ]
    },
    "me486b19e": {
      "current": [
        2.2034489795918366e-10,
        2.3565102040816323e-10,
        2.5095714285714275e-10,
        2.662632653061224e-10,
        2.8156938775510193e-10,
        2.9687551020408155e-10,
        3.1218163265306123e-10,
        3.2748775510204074e-10,
        3.427938775510203e-10,
        3.581e-10
      ],
      "frequency": [
        5.010020040082959,
        13.14060446780253,
        19.569471624261695,
        25.510204081626853,
        30.86419753085718,
        35.97122302157455,
        40.816326530602964,
        45.45454545453512,
        50.25125628139561,
        54.34782608694417
      ]
    }
  },
  "p59a48310": {
    "m15ae4048": {
      "current": [
        2.5095714285714275e-10,
        2.662632653061224e-10,
        2.8156938775510193e-10,
        2.9687551020408155e-10,
        3.1218163265306123e-10,
        3.2748775510204074e-10,
        3.427938775510203e-10,
        3.581e-10
      ],
      "frequency": [
        22.123893805304704,
        37.593984962397464,
        49.99999999998863,
        60.24096385540799,
        68.96551724136363,
        76.33587786257806,
        85.47008547006604,
        92.59259259257153
      ]
    },
    "m4cd420e2": {
      "current": [
        2.3565102040816323e-10,
        2.5095714285714275e-10,
        2.662632653061224e-10,
        2.8156938775510193e-10,
        2.9687551020408155e-10,
        3.1218163265306123e-10,
        3.2748775510204074e-10,
        3.427938775510203e-10,
        3.581e-10
      ],
      "frequency": [
        9.832841691246536,
        21.551724137926133,
        31.347962382438013,
        40.32258064515212,
        48.076923076912145,
        55.555555555542924,
        62.49999999998579,
        68.96551724136363,
        76.33587786257806
      ]
    },
    "m4fdebda2": {
      "current": [
        2.3565102040816323e-10,
        2.5095714285714275e-10,
        2.662632653061224e-10,
        2.8156938775510193e-10,
        2.9687551020408155e-10,
        3.1218163265306123e-10,
        3.2748775510204074e-10,
        3.427938775510203e-10,
        3.581e-10
      ],
      "frequency": [
        12.870012870009944,
        22.37136465323876,
        30.48780487804185,
        38.31417624520201,
        45.662100456610624,
        51.5463917525656,
        58.82352941175133,
        64.5161290322434,
        71.42857142855519
      ]
    },
    "m86da4874": {
      "current": [
        2.3565102040816323e-10,
        2.5095714285714275e-10,
        2.662632653061224e-10,
        2.8156938775510193e-10,
        2.9687551020408155e-10,
        3.1218163265306123e-10,
        3.2748775510204074e-10,
        3.427938775510203e-10,
        3.581e-10
      ],
      "frequency": [
        5.633802816905951,
        20.66115702478869,
        32.2580645161217,
        42.73504273503302,
        51.81347150257889,
        59.88023952094447,
        67.11409395971629,
        74.62686567162483,
        81.96721311473546
      ]
    },
    "m9175e580": {
      "current": [
        2.2034489795918366e-10,
        2.3565102040816323e-10,
        2.5095714285714275e-10,
        2.662632653061224e-10,
        2.8156938775510193e-10,
        2.9687551020408155e-10,
        3.1218163265306123e-10,
        3.2748775510204074e-10,
        3.427938775510203e-10,
        3.581e-10
      ],
      "frequency": [
        8.888888888886868,
        16.920473773261804,
        23.809523809518396,
        30.303030303023412,
        36.363636363628096,
        42.19409282699463,
        48.076923076912145,
        53.47593582886485,
        58.82352941175133,
        64.5161290322434
      ]
    },
    "me486b19e": {
      "current": [
        2.2034489795918366e-10,
        2.3565102040816323e-10,
        2.5095714285714275e-10,
        2.662632653061224e-10,
        2.8156938775510193e-10,
        2.9687551020408155e-10,
        3.1218163265306123e-10,
        3.2748775510204074e-10,
        3.427938775510203e-10,
        3.581e-10
      ],
      "frequency": [
        5.35905680600453,
        15.243902439020925,
        23.364485981303098,
        30.58103975534473,
        37.453183520590734,
        43.859649122797045,
        49.99999999998863,
        56.179775280886105,
        61.72839506171436,
        67.5675675675522
      ]
    }
  },
  "pa09d12c1": {
    "m127c582f": {
      "current": [
        2.662632653061224e-10,
        2.8156938775510193e-10,
        2.9687551020408155e-10,
        3.1218163265306123e-10,
        3.2748775510204074e-10,
        3.427938775510203e-10,
        3.581e-10
      ],
      "frequency": [
        7.686395080706643,
        23.364485981303098,
        35.2112676056258,
        44.84304932734406,
        53.47593582886485,
        60.9756097560837,
        68.02721088433827
      ]
    },
    "m15ae4048": {
      "current": [
        2.5095714285714275e-10,
        2.662632653061224e-10,
        2.8156938775510193e-10,
        2.9687551020408155e-10,
        3.1218163265306123e-10,
        3.2748775510204074e-10,
        3.427938775510203e-10,
        3.581e-10
      ],
      "frequency": [
        12.345679012342872,
        24.570024570018983,
        34.36426116837707,
        42.91845493561256,
        50.50505050503902,
        57.803468208079344,
        64.10256410254952,
        69.93006993005403
      ]
    },