{"55": {"soma": {"somaDiameter": 9.381749916007222e-06, "somaGleak": 1.3873207158908918}, "peaks": {"peakIdx": [543, 789, 1035, 1285, 1536, 1787, 2036, 2288, 5046], "peakTime": [0.1086, 0.1578, 0.20700000000000002, 0.257, 0.30720000000000003, 0.3574, 0.4072, 0.4576, 1.0092], "peakVolt": [-0.07170790433883667, -0.07127921283245087, -0.0708753690123558, -0.07082977890968323, -0.07094980776309967, -0.0707021951675415, -0.07067885994911194, -0.07057774811983109, -0.0715983510017395]}, "synapse": {"U": 0.17099654379556456, "tauR": 0.46044746308039497, "tauF": 0.15915690673726368, "tau": 0.267075264457796, "cond": 0.0003778194838545551, "nmda_ratio": 4.707102815619432}, "meta": {"type": "LTS11", "experiment": "GBZ_CC_H20", "datafile": "DATA/YvonneJohansson2019/M1RH_Analysis_190925.h5"}}, "64": {"soma": {"somaDiameter": 9.545175352005956e-06, "somaGleak": 0.3}, "peaks": {"peakIdx": [545, 800, 1051, 1309, 1547, 1802, 2045, 2303, 5063], "peakTime": [0.109, 0.16, 0.2102, 0.26180000000000003, 0.3094, 0.3604, 0.40900000000000003, 0.4606, 1.0126], "peakVolt": [-0.06936640292406082, -0.06829740107059479, -0.06890912353992462, -0.06866876035928726, -0.06814896315336227, -0.06854739040136337, -0.06880728155374527, -0.06874687969684601, -0.07174531370401382]}, "synapse": {"U": 0.23327700643450466, "tauR": 1.4301430522976701, "tauF": 0.1242547642018228, "tau": 0.024736030091762198, "cond": 0.00038998289079869965, "nmda_ratio": 5.97678772963852}, "meta": {"type": "LTS8", "experiment": "GBZ_CC_H20", "datafile": "DATA/YvonneJohansson2019/M1RH_Analysis_190925.h5"}}, "194": {"soma": {"somaDiameter": 5e-06, "somaGleak": 0.3}, "peaks": {"peakIdx": [546, 793, 1043, 1294, 1548, 1797, 2045, 2293, 5045], "peakTime": [0.1092, 0.15860000000000002, 0.2086, 0.25880000000000003, 0.30960000000000004, 0.3594, 0.40900000000000003, 0.4586, 1.0090000000000001], "peakVolt": [-0.07149343192577362, -0.07028437405824661, -0.07090719789266586, -0.07072468847036362, -0.07147280871868134, -0.07125843316316605, -0.07132718712091446, -0.07201437652111053, -0.07307092845439911]}, "synapse": {"U": 0.26538612521508625, "tauR": 0.31036528950461556, "tauF": 0.5038779179930394, "tau": 0.28343620660484975, "cond": 6.001170983255831e-05, "nmda_ratio": 4.979076983264893}, "meta": {"type": "LTS16", "experiment": "GBZ_CC_H20", "datafile": "DATA/YvonneJohansson2019/M1RH_Analysis_190925.h5"}}}