{
  "41": {
    "soma": {
      "somaDiameter": 1.0786976484942311e-05,
      "somaGleak": 0.3
    },
    "peaks": {
      "peakIdx": [
        550,
        792,
        1041,
        1296,
        1543,
        1793,
        2046,
        2296,
        5041
      ],
      "peakTime": [
        0.11,
        0.1584,
        0.2082,
        0.2592,
        0.30860000000000004,
        0.35860000000000003,
        0.4092,
        0.4592,
        1.0082
      ],
      "peakVolt": [
        -0.07416515052318573,
        -0.07350568473339081,
        -0.07280644029378891,
        -0.07152159512042999,
        -0.0710778459906578,
        -0.07050416618585587,
        -0.07024962455034256,
        -0.0700196921825409,
        -0.07394469529390335
      ]
    },
    "synapse": {
      "U": 0.05239447460743141,
      "tauR": 0.675467409735689,
      "tauF": 1.8177548458924233,
      "tau": 0.5760376734651136,
      "cond": 0.00015031398219367276,
      "nmda_ratio": 3.961193358347214
    },
    "meta": {
      "type": "LTS5",
      "experiment": "GBZ_CC_H20",
      "datafile": "DATA/YvonneJohansson2019/M1RH_Analysis_190925.h5"
    }
  },
  "42": {
    "soma": {
      "somaDiameter": 1.4360256141864215e-05,
      "somaGleak": 2.5967517802702464
    },
    "peaks": {
      "peakIdx": [
        548,
        805,
        1048,
        1300,
        1555,
        1804,
        2052,
        2300,
        5053
      ],
      "peakTime": [
        0.1096,
        0.161,
        0.2096,
        0.26,
        0.311,
        0.3608,
        0.41040000000000004,
        0.46,
        1.0106
      ],
      "peakVolt": [
        -0.0733250081539154,
        -0.07170721143484116,
        -0.07136346399784088,
        -0.07098894566297531,
        -0.07063893973827362,
        -0.07057115435600281,
        -0.07017789036035538,
        -0.06986778229475021,
        -0.07280144095420837
      ]
    },
    "synapse": {
      "U": 0.052960181211905,
      "tauR": 0.7095522303976656,
      "tauF": 0.6917411357343114,
      "tau": 0.35220208830209115,
      "cond": 0.0015714173101561424,
      "nmda_ratio": 6.5730951384502365
    },
    "meta": {
      "type": "ALTS7",
      "experiment": "GBZ_CC_H20",
      "datafile": "DATA/YvonneJohansson2019/M1RH_Analysis_190925.h5"
    }
  },
  "49": {
    "soma": {
      "somaDiameter": 7.25730904217859e-06,
      "somaGleak": 2.938726933783072
    },
    "peaks": {
      "peakIdx": [
        555,
        793,
        1055,
        1302,
        1561,
        1808,
        2061,
        2306,
        5060
      ],
      "peakTime": [
        0.111,
        0.15860000000000002,
        0.21100000000000002,
        0.2604,
        0.31220000000000003,
        0.36160000000000003,
        0.4122,
        0.4612,
        1.012
      ],
      "peakVolt": [
        -0.07078059762716293,
        -0.07113420963287354,
        -0.07044440507888794,
        -0.06950196623802185,
        -0.0690312534570694,
        -0.06909571588039398,
        -0.06886513531208038,
        -0.06968158483505249,
        -0.07098717242479324
      ]
    },
    "synapse": {
      "U": 0.028250891853167315,
      "tauR": 1.1989988346657008,
      "tauF": 1.354889324259572,
      "tau": 0.9953045965140553,
      "cond": 0.00037176827804118184,
      "nmda_ratio": 6.477674542395708
    },
    "meta": {
      "type": "LTS3",
      "experiment": "GBZ_CC_H20",
      "datafile": "DATA/YvonneJohansson2019/M1RH_Analysis_190925.h5"
    }
  },
  "52": {
    "soma": {
      "somaDiameter": 9.398728084926856e-06,
      "somaGleak": 1.3783419347455712
    },
    "peaks": {
      "peakIdx": [
        539,
        791,
        1043,
        1292,
        1543,
        1794,
        2042,
        2294,
        5041
      ],
      "peakTime": [
        0.1078,
        0.1582,
        0.2086,
        0.2584,
        0.30860000000000004,
        0.3588,
        0.40840000000000004,
        0.45880000000000004,
        1.0082
      ],
      "peakVolt": [
        -0.07050477713346481,
        -0.06925441324710846,
        -0.0690716877579689,
        -0.06907353550195694,
        -0.069267638027668,
        -0.0691753700375557,
        -0.06958749890327454,
        -0.06989632546901703,
        -0.0705680176615715
      ]
    },
    "synapse": {
      "U": 0.08521531212203434,
      "tauR": 1.080642404334847,
      "tauF": 0.42496137349247753,
      "tau": 0.4562687728937942,
      "cond": 0.0003814565228067168,
      "nmda_ratio": 4.911963520841806
    },
    "meta": {
      "type": "LTS8",
      "experiment": "GBZ_CC_H20",
      "datafile": "DATA/YvonneJohansson2019/M1RH_Analysis_190925.h5"
    }
  },
  "55": {
    "soma": {
      "somaDiameter": 9.381749916007222e-06,
      "somaGleak": 1.3873207158908918
    },
    "peaks": {
      "peakIdx": [
        543,
        789,
        1035,
        1285,
        1536,
        1787,
        2036,
        2288,
        5046
      ],
      "peakTime": [
        0.1086,
        0.1578,
        0.20700000000000002,
        0.257,
        0.30720000000000003,
        0.3574,
        0.4072,
        0.4576,
        1.0092
      ],
      "peakVolt": [
        -0.07170790433883667,
        -0.07127921283245087,
        -0.0708753690123558,
        -0.07082977890968323,
        -0.07094980776309967,
        -0.0707021951675415,
        -0.07067885994911194,
        -0.07057774811983109,
        -0.0715983510017395
      ]
    },
    "synapse": {
      "U": 0.17099654379556456,
      "tauR": 0.46044746308039497,
      "tauF": 0.15915690673726368,
      "tau": 0.267075264457796,
      "cond": 0.0003778194838545551,
      "nmda_ratio": 4.707102815619432
    },
    "meta": {
      "type": "LTS11",
      "experiment": "GBZ_CC_H20",
      "datafile": "DATA/YvonneJohansson2019/M1RH_Analysis_190925.h5"
    }
  },
  "57": {
    "soma": {
      "somaDiameter": 8.254047113237134e-06,
      "somaGleak": 1.3930471109305258
    },
    "peaks": {
      "peakIdx": [
        533,
        781,
        1034,
        1279,
        1531,
        1786,
        2032,
        2281,
        5030
      ],
      "peakTime": [
        0.1066,
        0.1562,
        0.2068,
        0.2558,
        0.3062,
        0.3572,
        0.40640000000000004,
        0.4562,
        1.006
      ],
      "peakVolt": [
        -0.07378827780485153,
        -0.07350703328847885,
        -0.07431042939424515,
        -0.07484348863363266,
        -0.07422890514135361,
        -0.07428047060966492,
        -0.07433334738016129,
        -0.07417500764131546,
        -0.07565052062273026
      ]
    },
    "synapse": {
      "U": 0.049369781367672005,
      "tauR": 1.6801754803657538,
      "tauF": 1.2503953268680021,
      "tau": 1.4062025603527533,
      "cond": 0.00021764694173541764,
      "nmda_ratio": 7.456163261451506
    },
    "meta": {
      "type": "LTS13",
      "experiment": "GBZ_CC_H20",
      "datafile": "DATA/YvonneJohansson2019/M1RH_Analysis_190925.h5"
    }
  },
  "64": {
    "soma": {
      "somaDiameter": 9.545175352005956e-06,
      "somaGleak": 0.3
    },
    "peaks": {
      "peakIdx": [
        545,
        800,
        1051,
        1309,
        1547,
        1802,
        2045,
        2303,
        5063
      ],
      "peakTime": [
        0.109,
        0.16,
        0.2102,
        0.26180000000000003,
        0.3094,
        0.3604,
        0.40900000000000003,
        0.4606,
        1.0126
      ],
      "peakVolt": [
        -0.06936640292406082,
        -0.06829740107059479,
        -0.06890912353992462,
        -0.06866876035928726,
        -0.06814896315336227,
        -0.06854739040136337,
        -0.06880728155374527,
        -0.06874687969684601,
        -0.07174531370401382
      ]
    },
    "synapse": {
      "U": 0.23327700643450466,
      "tauR": 1.4301430522976701,
      "tauF": 0.1242547642018228,
      "tau": 0.024736030091762198,
      "cond": 0.00038998289079869965,
      "nmda_ratio": 5.97678772963852
    },
    "meta": {
      "type": "LTS8",