{"10": {"synapse": {"U": 0.38612898325687217, "tauR": 0.6924215807233703, "tauF": 0.016923688564453487, "tau": 0.14012547575504467, "cond": 0.015403708946724912}, "surrogatePeaks": [0.0006133937186051691, 0.00037260495362757113, 0.00024798990097903547, 0.0001834985159740217, 0.0001501226223607496, 0.00013284976840672374, 0.00012391063745268487, 0.00011928441514882349, 0.00040076071436410255], "fittedPeaks": [0.0005884543232760608, 0.000380835582915795, 0.00023995893616141073, 0.000159682016400986, 0.00011632589203747212, 9.433849788675897e-05, 8.418912408432455e-05, 8.026733644556083e-05, 0.0003130724502635185]}, "46": {"synapse": {"U": 0.5084184545950868, "tauR": 0.7396313246384927, "tauF": 0.0009159879129525649, "tau": 0.026007062660257926, "cond": 0.021859465136362586}, "surrogatePeaks": [0.0008399750330999624, 0.0005497000453002539, 0.00038308284778946095, 0.0002875553509227427, 0.0002327860966192986, 0.00020138496799093915, 0.00018338160293375334, 0.0001730596442163342, 0.0005248708442757801], "fittedPeaks": [0.0008215614025202517, 0.000430739161123711, 0.0002480654769653756, 0.00016594741019272663, 0.0001296164378057768, 0.00011364755537633664, 0.0001066475604952627, 0.00010358250683820125, 0.0004387784828278063]}, "37": {"synapse": {"U": 0.4911511052193943, "tauR": 0.5486980424552, "tauF": 0.025433791531113054, "tau": 0.04691088533404714, "cond": 0.09233791370262807}, "surrogatePeaks": [0.002769050009042758, 0.0017289130707349076, 0.0012034462103293084, 0.0009379878624801084, 0.0008038820991080277, 0.0007361337841074952, 0.0007019083036359608, 0.0006846180800562571, 0.0021010511871345857], "fittedPeaks": [0.002949262104186584, 0.0018165802960298932, 0.0010672122816283575, 0.0007363281456149867, 0.0006077440810286633, 0.0005619392603156415, 0.0005469721517723652, 0.0005426088427215453, 0.001977818279534846]}}