{"2": {"synapse": {"U": 0.6713846083228345, "tauR": 0.052758643669548855, "tauF": 0.8870570183709661, "tau": 0.04291258715132801, "cond": 0.0018695173795367191}, "surrogatePeaks": [9.645963048531736e-05, 6.992587771126586e-05, 4.529068652361498e-05, 4.034320694548946e-05, 3.957782956157691e-05, 3.938941601744234e-05, 3.9327764371110364e-05, 3.930624178113608e-05, 0.00012576729739933686], "fittedPeaks": [7.397087391362855e-05, 5.0307389682285875e-05, 4.3475636100381854e-05, 4.50305740025414e-05, 4.518838084620336e-05, 4.5180870311301025e-05, 4.517934486185371e-05, 4.5180499266675445e-05, 9.388707627401571e-05]}, "7": {"synapse": {"U": 0.34373802695602934, "tauR": 0.2322328601152812, "tauF": 0.9227777372843153, "tau": 0.08257923526405626, "cond": 0.0040550514892204416}, "surrogatePeaks": [0.00016525313657409228, 9.1712858983037e-05, 6.787424789698307e-05, 6.582744692866772e-05, 6.557613953284433e-05, 6.552758459226743e-05, 6.551756323036853e-05, 6.551547773203038e-05, 0.00019567005875307684], "fittedPeaks": [0.00015952527395575455, 0.0001740454639369421, 0.00011346389510885624, 7.312003121009991e-05, 6.35510662215788e-05, 6.464103120952525e-05, 6.639432782977461e-05, 6.725155999431909e-05, 0.00027219067591879864]}, "11": {"synapse": {"U": 0.5233513502204054, "tauR": 0.16588404644463706, "tauF": 1.107709274584993, "tau": 0.059832992168628356, "cond": 0.0052803214194321775}, "surrogatePeaks": [0.00022626577447461038, 0.00016680516693533945, 0.00011458796500473337, 0.0001036979013293105, 0.00010188165388625933, 0.00010145783127179444, 0.00010133021954733109, 0.0001012886568654638, 0.0002592521265274368], "fittedPeaks": [0.0002070614418497735, 0.00015798739799269268, 8.484464958970206e-05, 7.34901517758374e-05, 7.676275327470061e-05, 7.840352171997744e-05, 7.882882558755966e-05, 7.892448268220775e-05, 0.0003015504122354379]}, "20": {"synapse": {"U": 0.4077174533885392, "tauR": 0.10914285811317635, "tauF": 1.405850113513997, "tau": 0.0816688350402977, "cond": 0.00414781619311928}, "surrogatePeaks": [0.00021558113219805476, 0.000163897048001582, 0.0001105988796529109, 9.942573650017289e-05, 9.761579681841887e-05, 9.714406454314408e-05, 9.698271771978217e-05, 9.692412474143244e-05, 0.0003046005697332477], "fittedPeaks": [0.00016313491230618427, 0.0001622107769757991, 0.00010664521857020604, 8.686896622991935e-05, 8.823202195543112e-05, 9.082191193085509e-05, 9.175015024072419e-05, 9.198518504956177e-05, 0.00030924025032987024]}, "33": {"synapse": {"U": 0.6796700652679678, "tauR": 0.1552353625078533, "tauF": 1.9359856685304155, "tau": 0.03558714769857795, "cond": 0.0025856687797643396}, "surrogatePeaks": [8.121399043989084e-05, 8.689180944745641e-05, 6.806706298383258e-05, 5.859231686146422e-05, 5.598654111399098e-05, 5.527944452112073e-05, 5.501503280303907e-05, 5.4891522062634564e-05, 0.00015566959335134835], "fittedPeaks": [0.0001021136905846598, 5.519131119588461e-05, 3.348770143789259e-05, 3.429078655499407e-05, 3.482579786738549e-05, 3.4865819462825964e-05, 3.486238997539581e-05, 3.4859958985514194e-05, 0.0001325384788754963]}, "45": {"synapse": {"U": 0.5002847644597824, "tauR": 0.12236374377190586, "tauF": 1.027106776438031, "tau": 0.11303597425224941, "cond": 0.0022109126568700993}, "surrogatePeaks": [6.432102103644323e-05, 8.47359076323141e-05, 7.357378613736194e-05, 5.7517956958115836e-05, 4.7782007996800126e-05, 4.358038466317147e-05, 4.1998812379783825e-05, 4.137944188502534e-05, 0.0001188120769779567], "fittedPeaks": [8.74000452837087e-05, 6.896414247468952e-05, 3.541055991733433e-05, 2.8920481291688782e-05, 3.091087729636954e-05, 3.238651599922482e-05, 3.298555827907501e-05, 3.3212811289276556e-05, 0.0001314834681309246]}}