{"0": {"synapse": {"U": 0.3266889447207138, "tauR": 0.4376138652592123, "tauF": 1.5861726660468405, "tau": 0.021086160809002365, "cond": 0.0019201282682559735}, "surrogatePeaks": [0.00011677856657762275, 6.476086321317863e-05, 5.715994956754208e-05, 5.672463433537147e-05, 5.668983990705859e-05, 5.668637810294978e-05, 5.668601672925131e-05, 5.6685978701044636e-05, 0.00011848829877497665], "fittedPeaks": [7.596323857109177e-05, 8.722064626907888e-05, 5.9578952961283904e-05, 3.661787677844419e-05, 2.7542541248884445e-05, 2.5147458490831776e-05, 2.4533920271227472e-05, 2.4297053417235426e-05, 0.00012232830865130384]}, "9": {"synapse": {"U": 0.7019699730224516, "tauR": 0.11587321133789763, "tauF": 1.8185740008126843, "tau": 0.017577583550033842, "cond": 0.00512813138507039}, "surrogatePeaks": [0.0002128279237813759, 0.00013872329289124142, 0.00011388009833718269, 0.00011129309178685231, 0.00011094343886774608, 0.00011087779618773631, 0.00011086454933055328, 0.00011086184543886812, 0.00023520986297310083], "fittedPeaks": [0.00020117358432557297, 0.00012256920368525215, 9.189282736862814e-05, 9.113196105868526e-05, 9.081257675479237e-05, 9.069385643674377e-05, 9.066078800706867e-05, 9.06512056506048e-05, 0.00026051715556428545]}, "14": {"synapse": {"U": 0.4524680924710827, "tauR": 0.1206934069316103, "tauF": 0.41921312994566867, "tau": 0.05935553992861581, "cond": 0.00665549252983447}, "surrogatePeaks": [0.0002900576720419298, 0.00022026430136721037, 0.00017968622246535804, 0.00017338254606598887, 0.00017233764663102978, 0.00017209211680464567, 0.00017202698811551523, 0.00017200925851954376, 0.00033414826903480397], "fittedPeaks": [0.00026005161856068604, 0.00023238735071305638, 0.0001515273268588302, 0.00013131102478181056, 0.00013369960652755142, 0.00013603088383054573, 0.00013667976991112163, 0.00013678037040368296, 0.00033468491530243283]}, "17": {"synapse": {"U": 0.3703625874903842, "tauR": 0.21664327957648233, "tauF": 1.0153455771599016, "tau": 0.028074688083982148, "cond": 0.0022397497347918555}, "surrogatePeaks": [0.00011362563525295871, 9.359789850179668e-05, 7.465440771145408e-05, 7.088403648953613e-05, 7.019633815442516e-05, 7.001251022931077e-05, 6.995391815347649e-05, 6.993442336569493e-05, 0.00014584671815502114], "fittedPeaks": [8.853327710578451e-05, 9.504039474396431e-05, 6.609219815265077e-05, 4.9428331308359885e-05, 4.518595570492112e-05, 4.442428801926246e-05, 4.41626156224284e-05, 4.400449770308734e-05, 0.00015409925671742986]}, "22": {"synapse": {"U": 0.4183799180790696, "tauR": 0.2179117407023899, "tauF": 1.1817145196467933, "tau": 0.030625134479039813, "cond": 0.003751601329442776}, "surrogatePeaks": [0.00019739330417542996, 0.00015046283765709858, 0.00011598673728797343, 0.00010996213963022458, 0.00010894750896153881, 0.00010869102817989111, 0.0001086146640774839, 0.00010859109635264589, 0.0002445774336567695], "fittedPeaks": [0.00014770520506522666, 0.00014413853105016416, 9.154439105281409e-05, 6.902260634122914e-05, 6.528781227481406e-05, 6.485061254805913e-05, 6.460390325588317e-05, 6.443164850807037e-05, 0.00024382887568037692]}, "23": {"synapse": {"U": 0.6028248950453754, "tauR": 0.09405967982523841, "tauF": 1.3439506837945374, "tau": 0.0749623741774495, "cond": 0.0073090032986434135}, "surrogatePeaks": [0.00035507440552562337, 0.0002198392032892863, 0.0001883349201973828, 0.00018575586437333228, 0.00018546197843602571, 0.0001854184431425796, 0.0001854116557712931, 0.000185410589716617, 0.0003744941385600632], "fittedPeaks": [0.0002851007520190546, 0.0001863662308291547, 0.00011182433818815452, 0.00011457212948440265, 0.00012038936300282077, 0.00012196360288774244, 0.00012232275751764, 0.0001224127573011824, 0.0004031152208896216]}, "31": {"synapse": {"U": 0.40944794052805655, "tauR": 0.09007165836760556, "tauF": 0.5417988314121074, "tau": 0.06351617395435698, "cond": 0.006375742428408427}, "surrogatePeaks": [0.0002851694794069833, 0.0002474961149695383, 0.0002045542453198508, 0.00019552244262417055, 0.00019379770542706792, 0.0001933216637626819, 0.00019316521538007006, 0.00019311143610771305, 0.0003752694903872499], "fittedPeaks": [0.0002493026655574354, 0.0002487603695458529, 0.0001807117690335036, 0.00016024337659867327, 0.00016235875782430464, 0.0001647865742968324, 0.00016543613457412065, 0.00016552339167197339, 0.00036918621252113315]}, "34": {"synapse": {"U": 0.7188667670716735, "tauR": 0.1134197291802973, "tauF": 1.0998288793660875, "tau": 0.013184586881193274, "cond": 0.009319303685801906}, "surrogatePeaks": [0.00036374510646933406, 0.00022019507574928487, 0.00018445263291167572, 0.0001814798702603395, 0.00018113303969814594, 0.0001810788734350358, 0.00018106993440857695, 0.0001810684477558326, 0.0003890719504794888], "fittedPeaks": [0.0003616244335831187, 0.00022171700851734977, 0.00017027407736015798, 0.00016768515502989245, 0.00016701632704474445, 0.00016682920426561165, 0.00016677991772896805, 0.0001667666720418931, 0.00044173001746543317]}, "35": {"synapse": {"U": 0.5386113296441729, "tauR": 0.08916317889678395, "tauF": 1.1308620066209005, "tau": 0.04709845102479148, "cond": 0.00964052150686618}, "surrogatePeaks": [0.00037488197342842476, 0.00026614496173339556, 0.0002068370650331115, 0.00019802177957384373, 0.00019665457076238412, 0.0001963465673753878, 0.00019626697302783269, 0.00019624579772894914, 0.00042525921091200736], "fittedPeaks": [0.0003737781097928189, 0.00030156717650037246, 0.0002130463814250111, 0.00020977006367281503, 0.000214302514244466, 0.00021501932538914303, 0.00021500850452126075, 0.0002149780164332621, 0.0005614426088574181]}, "36": {"synapse": {"U": 0.42274099404275545, "tauR": 0.21407281201881717, "tauF": 0.679961968745155, "tau": 0.019127533535894976, "cond": 0.006287691148607475}, "surrogatePeaks": [0.0002446124346764483, 0.00013242670663874136, 0.0001107147694351334, 0.00010930667831250884, 0.00010916798433204656, 0.00010914977257967617, 0.00010914726753879008, 0.00010914692101711442, 0.0002576321301566707], "fittedPeaks": [0.000245916188472875, 0.0002401988592383858, 0.00015944060469270938, 0.00012305048928495932, 0.00011476882529351529, 0.00011294016236546023, 0.00011225133722807257, 0.00011191156667261781, 0.0003512380877264132]}, "40": {"synapse": {"U": 0.36338897017796257, "tauR": 0.1447388541514365, "tauF": 0.41727001202770286, "tau": 0.037572009248469596, "cond": 0.006288136665850076}, "surrogatePeaks": [0.00023223064851193067, 0.00018119536098344717, 0.00014738695560469677, 0.00014200283588643658, 0.00014107501069909057, 0.00014083659838766866, 0.00014076763851076225, 0.00014074721013389204, 0.00030040179645772426], "fittedPeaks": [0.00024593332710828864, 0.0002637595028719131, 0.00019800726154159398, 0.0001642898797089426, 0.00015765273732268326, 0.00015728566193237703, 0.00015721045557781643, 0.00015703336205795393, 0.0003393184951288597]}, "42": {"synapse": {"U": 0.48891418899213285, "tauR": 0.15966344285570253, "tauF": 0.8513859004674318, "tau": 0.03549611029139975, "cond": 0.003875095618724168}, "surrogatePeaks": [0.0001423699306287089, 0.0001008742326821695, 7.948103553270478e-05, 7.657270958896492e-05, 7.611882507196357e-05, 7.601228803836642e-05, 7.598447101851508e-05, 7.597706878404136e-05, 0.0001742975885125054], "fittedPeaks": [0.00015251785933528827, 0.00013005253730727362, 8.144691771795609e-05, 7.035032348294556e-05, 7.037030141948675e-05, 7.050690675930449e-05, 7.041673275856586e-05, 7.034456543837664e-05, 0.00022380095040960835]}, "46": {"synapse": {"U": 0.5808252811506188, "tauR": 0.08823381203448691, "tauF": 0.7141635372967663, "tau": 0.08378588981668027, "cond": 0.011321661402563118}, "surrogatePeaks": [0.0006385997403799584, 0.00021396442943169693, 0.0002129269164240529, 0.0002129260158849022, 0.0002129260140797798, 0.00021292601407571472, 0.00021292601407570536, 0.00021292601407570558, 0.0006279857632079892],