{"0": {"synapse": {"U": 0.7074110001746147, "tauR": 0.07801201247770584, "tauF": 1.0604755473597662, "tau": 0.040445568978538834, "cond": 0.0017494476417008365}, "surrogatePeaks": [6.296387289970564e-05, 5.2003650295965754e-05, 3.701258511629321e-05, 3.341806743243268e-05, 3.2779500913431176e-05, 3.2604846107657714e-05, 3.2541489589857464e-05, 3.251686055816638e-05, 9.667962197510673e-05], "fittedPeaks": [6.924203957373032e-05, 3.9699532092235534e-05, 3.2059596681316416e-05, 3.3698667074144595e-05, 3.394167172504625e-05, 3.394727319729063e-05, 3.394716020406474e-05, 3.394726545757898e-05, 8.646344935324402e-05]}, "2": {"synapse": {"U": 0.4630466875571113, "tauR": 0.15962641114576331, "tauF": 1.8553901177689096, "tau": 0.03979940051570032, "cond": 0.005747003405949681}, "surrogatePeaks": [0.00020057836891429533, 0.00019706859100229545, 0.00015448165989529895, 0.0001391665290796858, 0.00013567884736995103, 0.0001347108137918099, 0.00013433993117989654, 0.00013417713842750392, 0.0003276159385139252], "fittedPeaks": [0.00022508702444352935, 0.00020348161812100418, 0.00012826133783239158, 0.0001080506068759507, 0.00010821816132509932, 0.00010874738176132326, 0.000108663217759708, 0.00010854250995730175, 0.0003929504496768682]}, "3": {"synapse": {"U": 0.7225886810028145, "tauR": 0.0905785061010065, "tauF": 1.866652158020123, "tau": 0.08071156589099535, "cond": 0.014180108267482967}, "surrogatePeaks": [0.0004654365651863942, 0.00044978309136310885, 0.00030346253334957924, 0.00023705856154752146, 0.00021995521282072643, 0.00021570946914393742, 0.0002142637188191204, 0.00021363038017128416, 0.0006790881286926358], "fittedPeaks": [0.000543404677428666, 0.00025473214230048447, 0.00016457842484124408, 0.0001845163150831497, 0.0001928724063771925, 0.0001949401777015386, 0.00019545914841112566, 0.00019559293509874287, 0.0006855738385048715]}, "10": {"synapse": {"U": 0.45273442072803305, "tauR": 0.3179640222594531, "tauF": 1.5316749297010794, "tau": 0.011231264427383566, "cond": 0.0013360719520653969}, "surrogatePeaks": [4.609360189633842e-05, 4.171514493100104e-05, 2.5191448572835347e-05, 1.8670933548185454e-05, 1.72922708339497e-05, 1.698728513659213e-05, 1.6878729958175648e-05, 1.6829323643140012e-05, 7.510205178281453e-05], "fittedPeaks": [5.29386690517053e-05, 4.853566080433025e-05, 2.783447784754367e-05, 1.8992530113406958e-05, 1.7093352097832804e-05, 1.6708259797534875e-05, 1.657584441687454e-05, 1.651464262077129e-05, 7.685542754939934e-05]}, "15": {"synapse": {"U": 0.5986491324717363, "tauR": 0.20751634138006964, "tauF": 1.7423812946467145, "tau": 0.030659340588808568, "cond": 0.021501283042266936}, "surrogatePeaks": [0.0007593240534468697, 0.0005405993547874756, 0.0003762505098241632, 0.0003481250290028471, 0.0003438012825107529, 0.0003427072029602268, 0.00034236839221553816, 0.0003422592625070483, 0.000997583392825907], "fittedPeaks": [0.0008088259188474972, 0.0005365974193065615, 0.00028968493455160116, 0.00026407365273353745, 0.00026617636751147256, 0.0002660661493762845, 0.0002657600566503965, 0.00026561616973523605, 0.001074883075518493]}, "30": {"synapse": {"U": 0.4824034515101078, "tauR": 0.13709810847472514, "tauF": 0.7047712168149273, "tau": 0.05997565862548325, "cond": 0.011276148018383936}, "surrogatePeaks": [0.0004849089793391045, 0.0003407445255452604, 0.00019324986549604353, 0.00016231817001821183, 0.00015795753124671322, 0.00015693828106491556, 0.00015659040109484797, 0.0001564617887650131, 0.0006494253120811268], "fittedPeaks": [0.00043535217375419155, 0.0003678835904835087, 0.00022230938639336562, 0.0001921991483153085, 0.00019809800878513306, 0.0002019230781999115, 0.00020288818494501593, 0.0002030540632394634, 0.0006191233754470477]}, "41": {"synapse": {"U": 0.5487492492853138, "tauR": 0.07248576287386119, "tauF": 1.1181000941698462, "tau": 0.05835074523084028, "cond": 0.012898388975162076}, "surrogatePeaks": [0.0003490030863024091, 0.00036698093726832826, 0.00030008204791852247, 0.00027206890679057236, 0.0002652461354485995, 0.0002633620407122898, 0.0002626322290683523, 0.0002622980813772575, 0.0006641963531125685], "fittedPeaks": [0.0004959120366263003, 0.00039309767850898014, 0.00028136257057223557, 0.00028205945851328407, 0.00028927759147479026, 0.00029050866529549413, 0.000290596923954195, 0.00029059890548875644, 0.0007329873509470536]}, "43": {"synapse": {"U": 0.6863937438935599, "tauR": 0.15034200370577044, "tauF": 1.0508358685436587, "tau": 0.016598994621703604, "cond": 0.003896854819150798}, "surrogatePeaks": [0.00016574025903194338, 9.61996679216653e-05, 4.922520667383833e-05, 4.160379792139228e-05, 4.0697149300940385e-05, 4.052449648324677e-05, 4.047708294786563e-05, 4.0462802700631854e-05, 0.0001671771325270004], "fittedPeaks": [0.00015336550641403823, 9.02170980380812e-05, 6.039109140011656e-05, 5.862178629358061e-05, 5.835296054265693e-05, 5.8244434373896925e-05, 5.8212332204016226e-05, 5.8202792805703285e-05, 0.0001883094306346228]}}