{"4": {"soma": {"somaDiameter": 2.6051787024640942e-05, "somaGleak": 1.559634067661474}, "peaks": {"peakIdx": [528, 781, 1031, 1282, 1534, 1787, 2032, 2289, 5034], "peakTime": [0.1056, 0.1562, 0.20620000000000002, 0.2564, 0.3068, 0.3574, 0.40640000000000004, 0.45780000000000004, 1.0068000000000001], "peakVolt": [-0.07243593782186508, -0.07302030920982361, -0.07248672097921371, -0.07280547171831131, -0.07372032105922699, -0.07368125021457672, -0.07392265647649765, -0.0740906149148941, -0.07389609515666962]}, "synapse": {"U": 0.1609291597213252, "tauR": 1.4309503085398438, "tauF": 0.058007401646641796, "tau": 0.2903595489642484, "cond": 0.013363144737106855, "nmda_ratio": 0.9297279311359387}, "meta": {"type": "FS5", "experiment": "GBZ_CC_H20", "datafile": "DATA/YvonneJohansson2019/S1_Analysis_191001.h5"}}, "18": {"soma": {"somaDiameter": 1.8574992715167714e-05, "somaGleak": 5.058363284201031}, "peaks": {"peakIdx": [527, 776, 1029, 1280, 1527, 1783, 2034, 2280, 5030], "peakTime": [0.10540000000000001, 0.1552, 0.2058, 0.256, 0.3054, 0.35660000000000003, 0.4068, 0.456, 1.006], "peakVolt": [-0.07494375109672546, -0.0782649964094162, -0.07904374599456787, -0.08014749735593796, -0.08001124858856201, -0.08100125193595886, -0.08115249872207642, -0.08142624795436859, -0.08156875520944595]}, "synapse": {"U": 0.15049350840332268, "tauR": 1.4407094001993623, "tauF": 0.012969145483380906, "tau": 1.2476468017868758, "cond": 0.04424090715537855, "nmda_ratio": 0.23182175032137958}, "meta": {"type": "FS1", "experiment": "GBZ_CC_H20", "datafile": "DATA/YvonneJohansson2019/S1_Analysis_191001.h5"}}, "21": {"soma": {"somaDiameter": 3.735568126135397e-05, "somaGleak": 1.1430637027640227}, "peaks": {"peakIdx": [532, 784, 1037, 1286, 1537, 1789, 2038, 2288, 5039], "peakTime": [0.10640000000000001, 0.1568, 0.2074, 0.25720000000000004, 0.3074, 0.3578, 0.4076, 0.4576, 1.0078], "peakVolt": [-0.07059791684150696, -0.07090694457292557, -0.07143263518810272, -0.0717090293765068, -0.07272014021873474, -0.073288194835186, -0.0738999992609024, -0.07369305193424225, -0.07497083395719528]}, "synapse": {"U": 0.11234727392507174, "tauR": 1.8772708752177714, "tauF": 0.05178830878601459, "tau": 0.9415959712637035, "cond": 0.032039191311437204, "nmda_ratio": 0.15943789368652864}, "meta": {"type": "FS4", "experiment": "GBZ_CC_H20", "datafile": "DATA/YvonneJohansson2019/S1_Analysis_191001.h5"}}, "36": {"soma": {"somaDiameter": 2.3955267533997472e-05, "somaGleak": 2.3740041172196547}, "peaks": {"peakIdx": [544, 794, 1046, 1300, 1551, 1805, 2053, 2308, 5044], "peakTime": [0.10880000000000001, 0.1588, 0.2092, 0.26, 0.31020000000000003, 0.36100000000000004, 0.4106, 0.4616, 1.0088000000000001], "peakVolt": [-0.06015625223517418, -0.06386562436819077, -0.06404166668653488, -0.06611770391464233, -0.06535208970308304, -0.06726979464292526, -0.06718333810567856, -0.06797292083501816, -0.06746562570333481]}, "synapse": {"U": 0.2425449634108055, "tauR": 1.0929735739393136, "tauF": 0.013540375011940498, "tau": 1.0278593919711656, "cond": 0.06349002765205511, "nmda_ratio": 0.8171561512477651}, "meta": {"type": "AFS2NPYNG", "experiment": "GBZ_CC_H20", "datafile": "DATA/YvonneJohansson2019/S1_Analysis_191001.h5"}}, "38": {"soma": {"somaDiameter": 1.638060399394362e-05, "somaGleak": 3.2304041233316823}, "peaks": {"peakIdx": [541, 791, 1042, 1302, 1545, 1793, 2041, 2297, 5046], "peakTime": [0.1082, 0.1582, 0.2084, 0.2604, 0.309, 0.35860000000000003, 0.4082, 0.45940000000000003, 1.0092], "peakVolt": [-0.06423333287239075, -0.06324896216392517, -0.06249166652560234, -0.0641864612698555, -0.06432708352804184, -0.06498124450445175, -0.06533332914113998, -0.06538542360067368, -0.06547603756189346]}, "synapse": {"U": 0.14203314470291864, "tauR": 1.3364474381473201, "tauF": 0.032944285860925474, "tau": 0.13660414930042195, "cond": 0.015755034084463607, "nmda_ratio": 0.4341385876303482}, "meta": {"type": "FS5", "experiment": "GBZ_CC_H20", "datafile": "DATA/YvonneJohansson2019/S1_Analysis_191001.h5"}}, "51": {"soma": {"somaDiameter": 1.865499810763825e-05, "somaGleak": 2.6576047492756674}, "peaks": {"peakIdx": [537, 791, 1041, 1291, 1538, 1788, 2044, 2298, 5044], "peakTime": [0.10740000000000001, 0.1582, 0.2082, 0.2582, 0.30760000000000004, 0.35760000000000003, 0.4088, 0.4596, 1.0088000000000001], "peakVolt": [-0.06494652479887009, -0.06428471952676773, -0.06447291374206543, -0.06582638621330261, -0.06685694307088852, -0.06599513441324234, -0.06621319055557251, -0.06813541054725647, -0.07052917033433914]}, "synapse": {"U": 0.06515570806735693, "tauR": 1.6551798820761447, "tauF": 0.034530718104384184, "tau": 0.7310645784167606, "cond": 0.03992856142616014, "nmda_ratio": 0.6427267507115185}, "meta": {"type": "FS8", "experiment": "GBZ_CC_H20", "datafile": "DATA/YvonneJohansson2019/S1_Analysis_191001.h5"}}, "53": {"soma": {"somaDiameter": 1.594623493335882e-05, "somaGleak": 3.001175086497099}, "peaks": {"peakIdx": [541, 796, 1045, 1301, 1551, 1814, 2063, 2312, 5052], "peakTime": [0.1082, 0.1592, 0.20900000000000002, 0.2602, 0.31020000000000003, 0.3628, 0.4126, 0.46240000000000003, 1.0104], "peakVolt": [-0.062267500907182693, -0.06554875522851944, -0.06493749469518661, -0.06596250832080841, -0.06699749827384949, -0.06673374772071838, -0.06847500056028366, -0.0694975033402443, -0.06672874838113785]}, "synapse": {"U": 0.19971379437798134, "tauR": 0.5795662415800682, "tauF": 0.01506649082891856, "tau": 0.325493517071556, "cond": 0.044626978254551905, "nmda_ratio": 0.6623875021989529}, "meta": {"type": "FS11", "experiment": "GBZ_CC_H20", "datafile": "DATA/YvonneJohansson2019/S1_Analysis_191001.h5"}}, "225": {"soma": {"somaDiameter": 2.3492368861281496e-05, "somaGleak": 1.4804314448302591}, "peaks": {"peakIdx": [525, 776, 1025, 1276, 1526, 1776, 2027, 2277, 5024], "peakTime": [0.10500000000000001, 0.1552, 0.20500000000000002, 0.25520000000000004, 0.3052, 0.3552, 0.40540000000000004, 0.4554, 1.0048000000000001], "peakVolt": [-0.05798359960317612, -0.06041327863931656, -0.06268984079360962, -0.06478828191757202, -0.0663750022649765, -0.06740780919790268, -0.06722578406333923, -0.06699375063180923, -0.06870390474796295]}, "synapse": {"U": 0.20505671735666178, "tauR": 1.4618557116138113, "tauF": 0.017849627513390982, "tau": 1.0528397102830453, "cond": 0.06028705727793584, "nmda_ratio": 0.20955441236267885}, "meta": {"type": "FS13", "experiment": "GBZ_CC_H20", "datafile": "DATA/YvonneJohansson2019/S1_Analysis_191001.h5"}}, "227": {"soma": {"somaDiameter": 2.3826614509859504e-05, "somaGleak": 2.258666643339066}, "peaks": {"peakIdx": [531, 782, 1033, 1288, 1536, 1782, 2039, 2287, 5039], "peakTime": [0.1062, 0.1564, 0.2066, 0.2576, 0.30720000000000003, 0.3564, 0.4078, 0.45740000000000003, 1.0078], "peakVolt": [-0.06819599121809006, -0.07005312293767929, -0.07035624980926514, -0.07079330086708069, -0.07149152457714081, -0.07156338542699814, -0.07163973897695541, -0.0720892921090126, -0.07270090281963348]}, "synapse": {"U": 0.1352216805446652, "tauR": 1.8543439070036192, "tauF": 0.012939433119361294, "tau": 0.560037431727343, "cond": 0.037103706061273056, "nmda_ratio": 0.9846265530984211}, "meta": {"type": "FS2", "experiment": "GBZ_CC_H20", "datafile": "DATA/YvonneJohansson2019/S1_Analysis_191001.h5"}}}