{"56": {"soma": {"somaDiameter": 5e-05, "somaGleak": 0.3}, "peaks": {"peakIdx": [572, 811, 1066, 1305, 1570, 1817, 2064, 2310, 5075], "peakTime": [0.1144, 0.1622, 0.2132, 0.261, 0.314, 0.3634, 0.4128, 0.462, 1.0150000000000001], "peakVolt": [-0.07477954030036926, -0.07477670162916183, -0.07562215626239777, -0.07577613741159439, -0.07536988705396652, -0.07526648044586182, -0.07510227710008621, -0.0748085305094719, -0.07574034482240677]}, "synapse": {"U": 0.4937253831081181, "tauR": 0.07505626467610704, "tauF": 0.2613102906521629, "tau": 0.020803908529266103, "cond": 0.005872025864824729, "nmda_ratio": 2.6059881817391073}, "meta": {"type": "LTS2", "experiment": "GBZ_CC_H20", "datafile": "DATA/YvonneJohansson2019/S1_Analysis_191001.h5"}}}