{"188": {"soma": {"somaDiameter": 1.892305361639507e-05, "somaGleak": 5.224738193881093}, "peaks": {"peakIdx": [528, 781, 1033, 1298, 1544, 1802, 2035, 2282, 5040], "peakTime": [0.1056, 0.1562, 0.2066, 0.2596, 0.3088, 0.3604, 0.40700000000000003, 0.45640000000000003, 1.008], "peakVolt": [-0.06597142666578293, -0.06581874936819077, -0.06613750010728836, -0.06668125092983246, -0.06697232276201248, -0.06759463995695114, -0.06782053411006927, -0.06788571178913116, -0.06805893033742905]}, "synapse": {"U": 0.25160083775647796, "tauR": 1.5412884128705473, "tauF": 0.042690143111150256, "tau": 1.2502892432196737, "cond": 0.019000545436707015, "nmda_ratio": 6.069981927522553}, "meta": {"type": "ChAT8", "experiment": "GBZ_CC_H20", "datafile": "DATA/YvonneJohansson2019/S1_Analysis_191001.h5"}}, "208": {"soma": {"somaDiameter": 2.3019925311263715e-05, "somaGleak": 14.470587409130463}, "peaks": {"peakIdx": [533, 789, 1037, 1286, 1542, 1796, 2046, 2303, 5043], "peakTime": [0.1066, 0.1578, 0.2074, 0.25720000000000004, 0.3084, 0.3592, 0.4092, 0.4606, 1.0086], "peakVolt": [-0.07217947393655777, -0.07189196348190308, -0.07189374417066574, -0.07190000265836716, -0.07193303108215332, -0.07197947055101395, -0.07188660651445389, -0.07195357233285904, -0.07210982590913773]}, "synapse": {"U": 0.9634800496414703, "tauR": 0.0018018591577222132, "tauF": 0.18705190836792185, "tau": 0.0011315768901449742, "cond": 0.015800805965732457, "nmda_ratio": 5.668640724790966}, "meta": {"type": "ChAT10", "experiment": "GBZ_CC_H20", "datafile": "DATA/YvonneJohansson2019/S1_Analysis_191001.h5"}}}