{
    "115": {
        "meta": {
            "datafile": "DATA/YvonneJohansson2019/TH_Analysis_191001.h5",
            "experiment": "GBZ_CC_H20",
            "type": "MSN4"
        },
        "peaks": {
            "peakIdx": [
                528,
                780,
                1033,
                1281,
                1530,
                1780,
                2030,
                2283,
                5033
            ],
            "peakTime": [
                0.1056,
                0.156,
                0.2066,
                0.25620000000000004,
                0.306,
                0.35600000000000004,
                0.406,
                0.4566,
                1.0066
            ],
            "peakVolt": [
                -0.0784296840429306,
                -0.07891301810741425,
                -0.07884009927511215,
                -0.07910624891519547,
                -0.07939270883798599,
                -0.07937239855527878,
                -0.07944166660308838,
                -0.0794755220413208,
                -0.07991822808980942
            ]
        },
        "soma": {
            "somaDiameter": 1.6e-05,
            "somaGleak": 3.0
        },
        "synapse": {
            "U": 0.12215971594558972,
            "cond": 0.005880327402046481,
            "failRate": 0.28,
            "nmda_ratio": 0.6784667566419254,
            "tau": 0.1081417002964948,
            "tauF": 0.06108110250607934,
            "tauR": 0.14848487531359528
        }
    },
    "13": {
        "meta": {
            "datafile": "DATA/YvonneJohansson2019/TH_Analysis_191001.h5",
            "experiment": "GBZ_CC_H20",
            "type": "MSN7D1"
        },
        "peaks": {
            "peakIdx": [
                541,
                787,
                1039,
                1291,
                1544,
                1792,
                2042,
                2293,
                5041
            ],
            "peakTime": [
                0.1082,
                0.1574,
                0.2078,
                0.2582,
                0.3088,
                0.3584,
                0.40840000000000004,
                0.4586,
                1.0082
            ],
            "peakVolt": [
                -0.07885919511318207,
                -0.07762205600738525,
                -0.07748712599277496,
                -0.07780587673187256,
                -0.0781783014535904,
                -0.07848530262708664,
                -0.07833566516637802,
                -0.07845000177621841,
                -0.07861323654651642
            ]
        },
        "soma": {
            "somaDiameter": 2.828108103918214e-05,
            "somaGleak": 1.6498217322204802
        },
        "synapse": {
            "U": 0.02427825616270196,
            "cond": 0.012804802145221804,
            "failRate": 0.28,
            "nmda_ratio": 2.5704000272729703,
            "tau": 0.49177036358172027,
            "tauF": 0.03061953206306157,
            "tauR": 0.571808195838055
        }
    },
    "183": {
        "meta": {
            "datafile": "DATA/YvonneJohansson2019/TH_Analysis_191001.h5",
            "experiment": "GBZ_CC_H20",
            "type": "MSN18D1"
        },
        "peaks": {
            "peakIdx": [
                554,
                798,
                1051,
                1305,
                1557,
                1813,
                2062,
                2316,
                5064
            ],
            "peakTime": [
                0.11080000000000001,
                0.15960000000000002,
                0.2102,
                0.261,
                0.3114,
                0.36260000000000003,
                0.41240000000000004,
                0.4632,
                1.0128000000000001
            ],
            "peakVolt": [
                -0.0733385682106018,
                -0.07314618676900864,
                -0.07268889248371124,
                -0.07249292731285095,
                -0.07287293672561646,
                -0.07322003692388535,
                -0.07296358048915863,
                -0.07314810901880264,
                -0.07378195226192474
            ]
        },
        "soma": {
            "somaDiameter": 3.539624539945537e-05,
            "somaGleak": 1.6620039165469143
        },
        "synapse": {
            "U": 0.07505837299186802,
            "cond": 0.009916291640016298,
            "failRate": 0.28,
            "nmda_ratio": 2.8144996399347546,
            "tau": 0.16796265603635024,
            "tauF": 0.10826175662849225,
            "tauR": 0.5148996381461264
        }
    },
    "186": {
        "meta": {
            "datafile": "DATA/YvonneJohansson2019/TH_Analysis_191001.h5",
            "experiment": "GBZ_CC_H20",
            "type": "MSN1"
        },
        "peaks": {
            "peakIdx": [
                547,
                786,
                1042,
                1291,
                1542,
                1791,
                2045,
                2295,
                5044
            ],
            "peakTime": [
                0.10940000000000001,
                0.1572,
                0.2084,
                0.2582,
                0.3084,
                0.3582,
                0.40900000000000003,
                0.459,
                1.0088000000000001
            ],
            "peakVolt": [
                -0.06965090334415436,
                -0.06895220279693604,
                -0.06819663941860199,
                -0.06793414801359177,
                -0.068043053150177,
                -0.06808216124773026,
                -0.06804747134447098,
                -0.06788958609104156,
                -0.06984294205904007
            ]
        },
        "soma": {
            "somaDiameter": 4.706186576088286e-05,
            "somaGleak": 0.5414524186496239
        },
        "synapse": {
            "U": 0.062006825392561915,
            "cond": 0.010366814667726019,
            "failRate": 0.28,
            "nmda_ratio": 2.6365721432859837,
            "tau": 0.06289898340304727,
            "tauF": 0.06711475777530508,
            "tauR": 0.7751751327857251
        }
    },
    "189": {
        "meta": {
            "datafile": "DATA/YvonneJohansson2019/TH_Analysis_191001.h5",
            "experiment": "GBZ_CC_H20",
            "type": "MSN5"
        },
        "peaks": {
            "peakIdx": [
                540,
                791,
                1044,
                1297,
                1542,
                1791,
                2044,
                2293,
                5049
            ],
            "peakTime": [
                0.108,
                0.1582,
                0.2088,
                0.2594,
                0.3084,
                0.3582,
                0.4088,
                0.4586,
                1.0098
            ],
            "peakVolt": [
                -0.06277108192443848,
                -0.061929814517498016,
                -0.06142064556479454,
                -0.06179726868867874,
                -0.062343697994947433,
                -0.0621846579015255,
                -0.06230996549129486,
                -0.06219296157360077,
                -0.06313537806272507
            ]
        },
        "soma": {
            "somaDiameter": 1.6e-05,
            "somaGleak": 3.0
        },
        "synapse": {
            "U": 0.05830539800786849,
            "cond": 0.01222263754111523,
            "failRate": 0.28,
            "nmda_ratio": 2.660306836803529,
            "tau": 0.1982385240505294,
            "tauF": 0.03744068248564772,
            "tauR": 1.1238936263274146
        }
    },
    "198": {
        "meta": {
            "datafile": "DATA/YvonneJohansson2019/TH_Analysis_191001.h5",
            "experiment": "GBZ_CC_H20",
            "type": "MSN4"
        },