{"7": {"soma": {"somaDiameter": 2.344028133844274e-05, "somaGleak": 2.5964921251278916}, "peaks": {"peakIdx": [555, 789, 1043, 1289, 1547, 1795, 2043, 2291, 5042], "peakTime": [0.111, 0.1578, 0.2086, 0.25780000000000003, 0.3094, 0.35900000000000004, 0.4086, 0.4582, 1.0084], "peakVolt": [-0.07311093807220459, -0.07292812317609787, -0.07281531393527985, -0.07272657006978989, -0.07288188487291336, -0.07284156233072281, -0.07280594110488892, -0.07267312705516815, -0.07310562580823898]}, "synapse": {"U": 0.07889020649595746, "tauR": 0.5624512426377717, "tauF": 0.03424592600248136, "tau": 0.5529692346070081, "cond": 0.0037632473155753865, "nmda_ratio": 4.483629576629492}, "meta": {"type": "ChAT10", "experiment": "GBZ_CC_H20", "datafile": "DATA/YvonneJohansson2019/TH_Analysis_191001.h5"}}, "31": {"soma": {"somaDiameter": 1.600000000000357e-05, "somaGleak": 3.000000000002836}, "peaks": {"peakIdx": [613, 818, 1060, 1313, 1555, 1802, 2046, 2300, 5074], "peakTime": [0.1226, 0.1636, 0.21200000000000002, 0.2626, 0.311, 0.3604, 0.4092, 0.46, 1.0148000000000001], "peakVolt": [-0.06921796500682831, -0.06900598853826523, -0.06898463517427444, -0.06896770745515823, -0.0689929723739624, -0.06898359209299088, -0.0690138041973114, -0.06906197220087051, -0.06938619166612625]}, "synapse": {"U": 0.6595257032225843, "tauR": 0.042776334550147746, "tauF": 0.963243955916042, "tau": 0.03887098281791314, "cond": 0.0006828011410681296, "nmda_ratio": 7.139521087845571}, "meta": {"type": "ChAT7", "experiment": "GBZ_CC_H20", "datafile": "DATA/YvonneJohansson2019/TH_Analysis_191001.h5"}}, "45": {"soma": {"somaDiameter": 3.7219494978142164e-05, "somaGleak": 0.5072787259363761}, "peaks": {"peakIdx": [528, 781, 1031, 1293, 1527, 1784, 2030, 2283, 5030], "peakTime": [0.1056, 0.1562, 0.20620000000000002, 0.2586, 0.3054, 0.3568, 0.406, 0.4566, 1.006], "peakVolt": [-0.07196522504091263, -0.07194530963897705, -0.07195819914340973, -0.0721839889883995, -0.07214921712875366, -0.07220468670129776, -0.0721566379070282, -0.07222148030996323, -0.07236719131469727]}, "synapse": {"U": 0.08160196107698764, "tauR": 0.2687033020367908, "tauF": 0.05031944929838629, "tau": 0.22321832159742083, "cond": 0.001256492133881394, "nmda_ratio": 3.321133106675192}, "meta": {"type": "ChAT3", "experiment": "GBZ_CC_H20", "datafile": "DATA/YvonneJohansson2019/TH_Analysis_191001.h5"}}, "49": {"soma": {"somaDiameter": 2.3570271720770907e-05, "somaGleak": 12.000065065334777}, "peaks": {"peakIdx": [569, 781, 1032, 1286, 1533, 1791, 2037, 2288, 5031], "peakTime": [0.11380000000000001, 0.1562, 0.2064, 0.25720000000000004, 0.30660000000000004, 0.3582, 0.40740000000000004, 0.4576, 1.0062], "peakVolt": [-0.07185214012861252, -0.07165756076574326, -0.07162385433912277, -0.07176217436790466, -0.07185609638690948, -0.07189605385065079, -0.07194950431585312, -0.07196562737226486, -0.07229062914848328]}, "synapse": {"U": 0.06536820027703438, "tauR": 1.2910699131928745, "tauF": 0.040605350843283504, "tau": 0.6125903906179628, "cond": 0.013091977059179971, "nmda_ratio": 4.6451643331799435}, "meta": {"type": "ChAT11", "experiment": "GBZ_CC_H20", "datafile": "DATA/YvonneJohansson2019/TH_Analysis_191001.h5"}}, "51": {"soma": {"somaDiameter": 3.301283606718425e-05, "somaGleak": 3.6553254700559448}, "peaks": {"peakIdx": [531, 795, 1031, 1290, 1543, 1784, 2035, 2281, 5048], "peakTime": [0.1062, 0.159, 0.20620000000000002, 0.258, 0.30860000000000004, 0.3568, 0.40700000000000003, 0.4562, 1.0096], "peakVolt": [-0.06895189732313156, -0.06875977665185928, -0.06875788420438766, -0.0688529834151268, -0.0689396783709526, -0.06897527724504471, -0.06899727880954742, -0.06901276111602783, -0.06923750787973404]}, "synapse": {"U": 0.16170675360845677, "tauR": 0.9903798819499287, "tauF": 0.08892070750194059, "tau": 0.27468748297375206, "cond": 0.006027263353975895, "nmda_ratio": 4.861889144655256}, "meta": {"type": "ChAT14", "experiment": "GBZ_CC_H20", "datafile": "DATA/YvonneJohansson2019/TH_Analysis_191001.h5"}}, "87": {"soma": {"somaDiameter": 1.818255040146273e-05, "somaGleak": 4.626813220355462}, "peaks": {"peakIdx": [546, 780, 1035, 1296, 1539, 1786, 2044, 2297, 5039], "peakTime": [0.1092, 0.156, 0.20700000000000002, 0.2592, 0.3078, 0.3572, 0.4088, 0.45940000000000003, 1.0078], "peakVolt": [-0.07532589137554169, -0.07482634484767914, -0.07482098788022995, -0.07480312138795853, -0.07492901384830475, -0.0748535767197609, -0.07494151592254639, -0.07517767697572708, -0.07526875287294388]}, "synapse": {"U": 0.09797905799261147, "tauR": 0.9409615992422785, "tauF": 0.016833380588201052, "tau": 0.5496409266725147, "cond": 0.006107783095964825, "nmda_ratio": 7.457888792064418}, "meta": {"type": "ChAT8", "experiment": "GBZ_CC_H20", "datafile": "DATA/YvonneJohansson2019/TH_Analysis_191001.h5"}}, "95": {"soma": {"somaDiameter": 1.6e-05, "somaGleak": 3.0}, "peaks": {"peakIdx": [544, 792, 1043, 1298, 1549, 1798, 2046, 2295, 5051], "peakTime": [0.10880000000000001, 0.1584, 0.2086, 0.2596, 0.3098, 0.35960000000000003, 0.4092, 0.459, 1.0102], "peakVolt": [-0.0663258284330368, -0.06458083540201187, -0.06412916630506516, -0.06434124708175659, -0.06476332992315292, -0.06491374969482422, -0.06576666980981827, -0.06600625067949295, -0.06698916852474213]}, "synapse": {"U": 0.04573248167301802, "tauR": 0.8807233790633275, "tauF": 0.0015429353730847084, "tau": 0.487182049794693, "cond": 0.008418802047866797, "nmda_ratio": 5.807236221207484}, "meta": {"type": "ChAT18", "experiment": "GBZ_CC_H20", "datafile": "DATA/YvonneJohansson2019/TH_Analysis_191001.h5"}}, "146": {"soma": {"somaDiameter": 2.0373187412978873e-05, "somaGleak": 2.9999956256279323}, "peaks": {"peakIdx": [537, 785, 1037, 1289, 1541, 1791, 2045, 2295, 5050], "peakTime": [0.10740000000000001, 0.157, 0.2074, 0.25780000000000003, 0.30820000000000003, 0.3582, 0.40900000000000003, 0.459, 1.01], "peakVolt": [-0.06802573055028915, -0.06718984991312027, -0.0669761449098587, -0.06710462272167206, -0.06725075095891953, -0.06749337166547775, -0.06780027598142624, -0.0680445060133934, -0.06887318938970566]}, "synapse": {"U": 0.18695153836128, "tauR": 0.9731532026976364, "tauF": 0.05186525202190177, "tau": 0.26141277627315673, "cond": 0.00823507319855758, "nmda_ratio": 7.413886797790392}, "meta": {"type": "ChAT1", "experiment": "GBZ_CC_H20", "datafile": "DATA/YvonneJohansson2019/TH_Analysis_191001.h5"}}, "192": {"soma": {"somaDiameter": 3.563021477211197e-05, "somaGleak": 1.0546506468782206}, "peaks": {"peakIdx": [539, 786, 1037, 1290, 1538, 1789, 2044, 2293, 5040], "peakTime": [0.1078, 0.1572, 0.2074, 0.258, 0.30760000000000004, 0.3578, 0.4088, 0.4586, 1.008], "peakVolt": [-0.06898251920938492, -0.0671180784702301, -0.06650365889072418, -0.06585712730884552, -0.06620723754167557, -0.06642624735832214, -0.06698590517044067, -0.0668865516781807, -0.06933707743883133]}, "synapse": {"U": 0.07917225111533943, "tauR": 1.0908714186715187, "tauF": 0.059028564501269545, "tau": 0.0770868427574582, "cond": 0.015346746058846384, "nmda_ratio": 5.116736022489087}, "meta": {"type": "CHAT8", "experiment": "GBZ_CC_H20", "datafile": "DATA/YvonneJohansson2019/TH_Analysis_191001.h5"}}, "230": {"soma": {"somaDiameter": 2.345197880479907e-05, "somaGleak": 1.9156118315547273}, "peaks": {"peakIdx": [558, 805, 1052, 1301, 1555, 1804, 2056, 2306, 5054], "peakTime": [0.1116, 0.161, 0.2104, 0.2602, 0.311, 0.3608, 0.4112, 0.4612, 1.0108000000000001], "peakVolt": [-0.060012444853782654, -0.06208810210227966, -0.06427090615034103, -0.06556966155767441, -0.06619203835725784, -0.06666923314332962, -0.06684374064207077, -0.06705857813358307, -0.066102035343647]}, "synapse": {"U": 0.29894677852097185, "tauR": 1.01299866446843, "tauF": 0.009512864422818158, "tau": 0.034105243808378684, "cond": 0.04326711958306582, "nmda_ratio": 5.131106226248744}, "meta": {"type": "ChAT6", "experiment": "GBZ_CC_H20", "datafile": "DATA/YvonneJohansson2019/TH_Analysis_191001.h5"}}, "237": {"soma": {"somaDiameter": 1.5424918627781628e-05, "somaGleak": 2.859170430229424},