{
    "TegnerRun_benchmark-500000-neurons-10-nodes": {
        "init": [
            [0.2546437606215477, 240]
        ],
        "place": [
            [493.17379481345415, 240]
        ],
        "detect": [
            [2283.382081028074, 240]
        ],
        "prune": [
            [4440.766733136028, 240]
        ]
    }
}
