{
  "M1RH_UP7_MSN7D1_CC_GBZH20": {
    "U": 0.16611645629136557,
    "tauR": 1.3272671350865117,
    "tauF": 0.007231107013166282,
    "tau": 0.9112048336677306,
    "expdata": {
      "time": [
        0.1066,
        0.15660000000000002,
        0.2068,
        0.257,
        0.30720000000000003,
        0.3568,
        0.40700000000000003,
        0.45740000000000003,
        1.0076
      ],
      "amplitude": [
        0.0015351995825767517,
        0.0009942301280569527,
        0.0010413788005369518,
        0.0009298390369676113,
        0.0007182448719169482,
        0.0007677670487705873,
        0.0007839379722242162,
        0.0009138388533083408,
        0.000621276738840576
      ]
    }
  },
  "M1RH_UP9_MSN9D1_CC_GBZH20": {
    "U": 0.14497918353791706,
    "tauR": 1.4710531644606772,
    "tauF": 0.01118341638834137,
    "tau": 0.1288274451687679,
    "expdata": {
      "time": [
        0.1078,
        0.15760000000000002,
        0.20800000000000002,
        0.2576,
        0.3078,
        0.3578,
        0.40800000000000003,
        0.458,
        1.0082
      ],
      "amplitude": [
        0.007748506963253021,
        0.0067708685366458105,
        0.00562186653153296,
        0.005284240791196826,
        0.004872230295191571,
        0.004594664186277797,
        0.004232023374662927,
        0.0039040880449336124,
        0.003963215990493138
      ]
    }
  },
  "M1RH_UP12_MSN3D1_CC_GBZH20": {
    "U": 0.09303599164682008,
    "tauR": 1.6383152905531904,
    "tauF": 0.08727253157762625,
    "tau": 1.1035669300459916,
    "expdata": {
      "time": [
        0.1086,
        0.15860000000000002,
        0.2096,
        0.2586,
        0.308,
        0.3598,
        0.4096,
        0.46040000000000003,
        1.0072
      ],
      "amplitude": [
        0.0014473050832748413,
        0.0010935229971059945,
        0.002008077891332477,
        0.0014965845177685039,
        0.001489830437981482,
        0.0014639252872626768,
        0.00136287426093043,
        0.0009616607195673671,
        0.00041865470758503665
      ]
    }
  },
  "M1RH_UP14_MSN6D1_CC_GBZH20": {
    "U": 0.4446490679139833,
    "tauR": 1.6548330867040835,
    "tauF": 0.002479951466050383,
    "tau": 0.5903474083517889,
    "expdata": {
      "time": [
        0.1078,
        0.15760000000000002,
        0.2078,
        0.2582,
        0.30920000000000003,
        0.3588,
        0.4092,
        0.45940000000000003,
        1.0096
      ],
      "amplitude": [
        0.0031452178955078125,
        0.0013580111923366806,
        0.001062074573657007,
        0.0007987216771383615,
        0.0007062101522823799,
        0.00040713134520839467,
        0.00033993066306214903,
        0.00032786252490356327,
        0.0006309507053395558
      ]
    }
  },
  "M1RH_UP16_MSN8D1_CC_GBZH20": {
    "U": 0.23250968953532258,
    "tauR": 1.9833832142113332,
    "tauF": 0.00300832606712675,
    "tau": 0.2738190100292774,
    "expdata": {
      "time": [
        0.1072,
        0.15660000000000002,
        0.2074,
        0.25780000000000003,
        0.308,
        0.3574,
        0.4076,
        0.463,
        1.0078
      ],
      "amplitude": [
        0.0078118667006492615,
        0.004755002030717492,
        0.003913184820084195,
        0.003768799485599675,
        0.003728863244451777,
        0.0027349412213498042,
        0.002777452272591477,
        0.001703510144699813,
        0.0027527830117436147
      ]
    }
  },
  "M1RH_UP21_MSN5D1_CC_GBZH20": {
    "U": 0.1764500062602727,
    "tauR": 1.3451737460534203,
    "tauF": 0.0015701166532712007,
    "tau": 0.7297477651111183,
    "expdata": {
      "time": [
        0.10700000000000001,
        0.15660000000000002,
        0.2064,
        0.2564,
        0.3074,
        0.35660000000000003,
        0.4066,
        0.457,
        1.0078
      ],
      "amplitude": [
        0.0050031691789627075,
        0.0031255768023926156,
        0.003149418783663399,
        0.002858372645561394,
        0.0024237677883376108,
        0.0022045709901565153,
        0.0021793012249871346,
        0.002149212892615715,
        0.001987882849045164
      ]
    }
  },
  "M1RH_UP23_MSN7D1_CC_GBZH20": {
    "U": 0.1052286525237843,
    "tauR": 1.6557759572206634,
    "tauF": 0.14353687703318677,
    "tau": 0.9864087137861136,
    "expdata": {
      "time": [
        0.1068,
        0.15660000000000002,
        0.20700000000000002,
        0.25720000000000004,
        0.30760000000000004,
        0.3568,
        0.4072,
        0.45740000000000003,
        1.0076
      ],
      "amplitude": [
        0.0031036436557769775,
        0.003049489874674974,
        0.0042134672135030055,
        0.0037534655352223223,
        0.0033117669436007607,
        0.002859677160678975,
        0.0025776810558573865,
        0.0021100223505592514,
        0.00047911750383318463
      ]
    }
  },
  "M1RH_UP25_MSN9D1_CC_GBZH20": {
    "U": 0.15757778060833902,
    "tauR": 1.9685626435847103,
    "tauF": 0.01575539319263948,
    "tau": 1.8603453354918535,
    "expdata": {
      "time": [
        0.1078,
        0.1578,
        0.2076,
        0.258,
        0.308,
        0.3588,
        0.40840000000000004,
        0.458,
        1.0074
      ],
      "amplitude": [
        0.008705690503120422,
        0.007154526933463343,
        0.005977779751497658,
        0.005226065972423158,
        0.0054368741266542925,
        0.004527533071428835,
        0.004246654377349043,
        0.004072069748819462,
        0.0026645940574298033
      ]
    }
  },
  "M1RH_UP27_MSN11D1_CC_GBZH20": {
    "U": 0.28704380725054596,
    "tauR": 1.109880833718359,
    "tauF": 0.001288183829045946,
    "tau": 0.8540730865245187,
    "expdata": {
      "time": [
        0.109,
        0.1584,
        0.2082,
        0.2582,
        0.30820000000000003,
        0.3588,
        0.4082,
        0.4586,
        1.0090000000000001
      ],
      "amplitude": [
        0.0042176395654678345,
        0.001957050707555183,
        0.0020865270398457425,
        0.0018304946492332802,
        0.0015259603167936953,
        0.001138599024382736,
        0.0010811678973187133,
        0.0008865636550227929,
        0.001180054301625738
      ]
    }
  },
  "M1RH_UP29_MSN13D1_CC_GBZH20": {
    "U": 0.24187561751013864,
    "tauR": 1.4317382281169517,
    "tauF": 0.006961861554086366,
    "tau": 0.3229028362040915,
    "expdata": {
      "time": [
        0.1076,
        0.15760000000000002,
        0.2078,
        0.258,
        0.308,
        0.3582,
        0.40840000000000004,
        0.4592,
        1.0088000000000001
      ],
      "amplitude": [
        0.007649920880794525,
        0.004378679405756966,
        0.003866422265363212,
        0.003385595902073421,
        0.0033191675780213648,
        0.0027817391375175166,
        0.002049924834290659,
        0.0016969839186473934,
        0.0024796824710791587
      ]
    }
  },
  "M1RH_UP33_MSN7D1_CC_GBZH20": {
    "U": 0.06220969544684626,
    "tauR": 0.906011877456386,
    "tauF": 0.02562110489449785,
    "tau": 0.7429353113157042,
    "expdata": {
      "time": [
        0.10740000000000001,
        0.157,
        0.20720000000000002,
        0.257,
        0.30760000000000004,
        0.3578,
        0.40800000000000003,
        0.4582,
        1.0088000000000001
      ],
      "amplitude": [
        0.0019286498427391052,
        0.0020590485332353525,
        0.0018278773066078835,
        0.0018560812841653118,
        0.0013523843681675363,
        0.001747009198699509,
        0.001533044574300993,
        0.0013044561041512248,
        0.0014178325582880902
      ]
    }
  },
  "M1RH_UP80_MSN2D1_CC_GBZH20": {
    "U": 0.18617138518014548,
    "tauR": 1.0493931846715552,
    "tauF": 0.0003166016293893858,
    "tau": 0.6380541737951138,