{
  "FD_hp071123striatalcouplel2": {
    "U": 0.3252466628468281,
    "tauR": 0.5327543062258386,
    "tauF": 0.0015633918750596653,
    "tau": 0.010311467404283212,
    "expdata": {
      "time": [
        0.11099999999999999,
        0.15899999999999997,
        0.20929999999999999,
        0.2602,
        0.30929999999999996,
        0.36439999999999995,
        0.40919999999999995,
        0.4594,
        1.0084
      ],
      "amplitude": [
        0.0010190878018018074,
        0.0005545608082028891,
        0.000573601067507562,
        0.0003766936531763021,
        0.00040159268402820136,
        0.0002884860379895604,
        0.0003372376893388679,
        0.00045894605638829855,
        0.0007202654431223005
      ]
    }
  },
  "FD_hp081202cells1_fs2_lab1_mean": {
    "U": 0.3337722432557131,
    "tauR": 0.5940209901483375,
    "tauF": 0.00014613675072308363,
    "tau": 0.006177991064365759,
    "expdata": {
      "time": [
        0.10669999999999999,
        0.1568,
        0.2067,
        0.2562,
        0.30739999999999995,
        0.3566,
        0.40609999999999996,
        0.45649999999999996,
        1.0070999999999999
      ],
      "amplitude": [
        0.002589511050656662,
        0.001214165184667021,
        0.001041540249744552,
        0.0009769203425377126,
        0.0008108653022267376,
        0.001007632628475419,
        0.0010089932052865513,
        0.0010657152583600782,
        0.0016727932786257393
      ]
    }
  },
  "FD_hp081202cells2_fs3_lab2mean3": {
    "U": 0.3232359923830347,
    "tauR": 0.542144845197378,
    "tauF": 0.0014266885433729516,
    "tau": 0.0025827162824317565,
    "expdata": {
      "time": [
        0.10579999999999999,
        0.1563,
        0.20579999999999998,
        0.2555,
        0.307,
        0.35559999999999997,
        0.40609999999999996,
        0.45699999999999996,
        1.0062
      ],
      "amplitude": [
        0.0023204537618147503,
        0.0010609448318619208,
        0.0008226682167834648,
        0.0009940590385117826,
        0.000899942371197518,
        0.001035350222658632,
        0.0009253678607192006,
        0.0009389563136820295,
        0.0015759314222532211
      ]
    }
  }
}