{
    "TegnerRun_benchmark-10000-neurons-1-nodes": {
        "init": [
            [
                0.15376842767000198,
                1
            ]
        ],
        "place": [
            [
                17.669927343726158,
                24
            ]
        ],
        "detect": [
            [
                347.3568601459265,
                24
            ]
        ],
        "prune": [
            [
                245.27939965203404,
                24
            ]
        ]
    }
}