{
    "TegnerRun_benchmark-500000-neurons-1-nodes-quarter": {
        "init": [
            [
                0.1396384760737419,
                6
            ]
        ],
        "place": [
            [
                460.52262583211996,
                6
            ]
        ],
        "detect": [
            [
                64056.54889378813,
                6
            ]
        ],
        "prune": [
            [
                52379.204681491945,
                6
            ]
        ]
    }
}
