{
  "3": {
    "soma": {
      "somaDiameter": 2.924637398544548e-05,
      "somaGleak": 1.8659082691060545
    },
    "peaks": {
      "peakIdx": [
        1161,
        1609,
        2121,
        2631,
        3111,
        3605,
        4115,
        4610,
        10151
      ],
      "peakTime": [
        0.1161,
        0.1609,
        0.21209999999999998,
        0.2631,
        0.3111,
        0.3605,
        0.4115,
        0.46099999999999997,
        1.0151
      ],
      "peakVolt": [
        -0.07399715,
        -0.07359891,
        -0.07402413,
        -0.07379638,
        -0.07387511,
        -0.07391852,
        -0.07414231,
        -0.07395307,
        -0.07372665
      ]
    },
    "synapse": {
      "U": 0.4875633426149282,
      "tauR": 0.1972038258814093,
      "tauF": 1.4005286942048827,
      "tau": 0.07411605287415937,
      "cond": 0.07412044538956448
    },
    "meta": {
      "type": "II",
      "experiment": "planert",
      "datafile": "DATA/Planert2010/d1d2conns/traces/trace_table.txt"
    }
  },
  "9": {
    "soma": {
      "somaDiameter": 2.0112760325265753e-05,
      "somaGleak": 11.874258952222869
    },
    "peaks": {
      "peakIdx": [
        1093,
        1600,
        2183,
        2604,
        3088,
        3596,
        4082,
        4593,
        10083
      ],
      "peakTime": [
        0.1093,
        0.15999999999999998,
        0.2183,
        0.26039999999999996,
        0.30879999999999996,
        0.3596,
        0.40819999999999995,
        0.4593,
        1.0083
      ],
      "peakVolt": [
        -0.08090061,
        -0.08089327,
        -0.08076515,
        -0.08057313,
        -0.0804425,
        -0.08066452,
        -0.08053376,
        -0.08031125,
        -0.08058484
      ]
    },
    "synapse": {
      "U": 0.641385113084596,
      "tauR": 0.035848309522059696,
      "tauF": 1.3435717243041159,
      "tau": 0.006259486639035465,
      "cond": 0.02196623916546774
    },
    "meta": {
      "type": "II",
      "experiment": "planert",
      "datafile": "DATA/Planert2010/d1d2conns/traces/trace_table.txt"
    }
  },
  "19": {
    "soma": {
      "somaDiameter": 2.862580153713733e-05,
      "somaGleak": 2.0395953749830213
    },
    "peaks": {
      "peakIdx": [
        1075,
        1564,
        2100,
        2600,
        3081,
        3597,
        4087,
        4579,
        10099
      ],
      "peakTime": [
        0.10749999999999998,
        0.15639999999999998,
        0.21,
        0.25999999999999995,
        0.3081,
        0.35969999999999996,
        0.40869999999999995,
        0.4579,
        1.0099
      ],
      "peakVolt": [
        -0.08445176,
        -0.08440722,
        -0.08440664,
        -0.08442734,
        -0.08432773,
        -0.08440371,
        -0.08426427,
        -0.08431328,
        -0.0843875
      ]
    },
    "synapse": {
      "U": 0.05276633080022941,
      "tauR": 0.18376903532183214,
      "tauF": 0.006019040892996552,
      "tau": 0.04699053161222943,
      "cond": 0.005691439011121211
    },
    "meta": {
      "type": "II",
      "experiment": "planert",
      "datafile": "DATA/Planert2010/d1d2conns/traces/trace_table.txt"
    }
  },
  "20": {
    "soma": {
      "somaDiameter": 2.9554827032988112e-05,
      "somaGleak": 2.009579392811792
    },
    "peaks": {
      "peakIdx": [
        1108,
        1518,
        2199,
        2518,
        3018,
        3518,
        4018,
        4518,
        10202
      ],
      "peakTime": [
        0.1108,
        0.1518,
        0.21989999999999998,
        0.25179999999999997,
        0.30179999999999996,
        0.35179999999999995,
        0.4018,
        0.4518,
        1.0202
      ],
      "peakVolt": [
        -0.08455259,
        -0.08461013,
        -0.08462629,
        -0.08456916,
        -0.0845957,
        -0.08461637,
        -0.08460302,
        -0.08460862,
        -0.08453815
      ]
    },
    "synapse": {
      "U": 0.6646181377144288,
      "tauR": 0.4695584347303734,
      "tauF": 1.3105606281727367,
      "tau": 0.19324217330527474,
      "cond": 0.0062830494425432405
    },
    "meta": {
      "type": "II",
      "experiment": "planert",
      "datafile": "DATA/Planert2010/d1d2conns/traces/trace_table.txt"
    }
  },
  "22": {
    "soma": {
      "somaDiameter": 2.975215703342878e-05,
      "somaGleak": 1.8709668243256348
    },
    "peaks": {
      "peakIdx": [
        1073,
        1631,
        2088,
        2581,
        3096,
        3583,
        4096,
        4573,
        10555
      ],
      "peakTime": [
        0.10729999999999999,
        0.1631,
        0.20879999999999999,
        0.2581,
        0.3096,
        0.35829999999999995,
        0.40959999999999996,
        0.4573,
        1.0554999999999999
      ],
      "peakVolt": [
        -0.08441063,
        -0.08452655,
        -0.08431281,
        -0.08431968,
        -0.08433719,
        -0.08425657,
        -0.08400907,
        -0.08382218,
        -0.08439094
      ]
    },
    "synapse": {
      "U": 0.813869727430882,
      "tauR": 0.03509071136029697,
      "tauF": 0.5254412583314158,
      "tau": 0.03485316614601247,
      "cond": 0.01486592447236965
    },
    "meta": {
      "type": "II",
      "experiment": "planert",
      "datafile": "DATA/Planert2010/d1d2conns/traces/trace_table.txt"
    }
  }
}