{
  "7": {
    "soma": {
      "somaDiameter": 3.0397701307506348e-05,
      "somaGleak": 1.4170926742698626
    },
    "peaks": {
      "peakIdx": [
        1077,
        1571,
        2078,
        2586,
        3070,
        3573,
        4113,
        4576,
        10073
      ],
      "peakTime": [
        0.10769999999999999,
        0.1571,
        0.20779999999999998,
        0.2586,
        0.307,
        0.35729999999999995,
        0.41129999999999994,
        0.45759999999999995,
        1.0072999999999999
      ],
      "peakVolt": [
        -0.07907677,
        -0.0789991,
        -0.0788259,
        -0.07899331,
        -0.0791567,
        -0.07904018,
        -0.07910312,
        -0.07919464,
        -0.07913393
      ]
    },
    "synapse": {
      "U": 0.3078237659980772,
      "tauR": 0.26733809052155866,
      "tauF": 0.34660927406916225,
      "tau": 0.12866181014707956,
      "cond": 0.022357100779525328
    },
    "meta": {
      "type": "LI",
      "experiment": "planert",
      "datafile": "DATA/Planert2010/d1d2conns/traces/trace_table.txt"
    }
  }
}