{"114": {"soma": {"somaDiameter": 2.2497290034981222e-05, "somaGleak": 1.0144557053129288}, "peaks": {"peakIdx": [532, 780, 1031, 1281, 1534, 1786, 2035, 2285, 5033], "peakTime": [0.10640000000000001, 0.156, 0.20620000000000002, 0.25620000000000004, 0.3068, 0.3572, 0.40700000000000003, 0.457, 1.0066], "peakVolt": [-0.07597823441028595, -0.07517114281654358, -0.07493583112955093, -0.07556363940238953, -0.075815349817276, -0.07614787667989731, -0.0759408250451088, -0.07584201544523239, -0.07654508203268051]}, "synapse": {"U": 0.07361441439803995, "tauR": 1.048086462365338, "tauF": 0.01045765467178017, "tau": 0.5907918283695214, "cond": 0.011456154256728593, "nmda_ratio": 0.1679684949781567}, "meta": {"type": "FS5", "experiment": "GBZ_CC_H20", "datafile": "DATA/YvonneJohansson2019/M1LH_Analysis_191001.h5"}}}