{"156": {"soma": {"somaDiameter": 5e-05, "somaGleak": 3.720419404236194}, "peaks": {"peakIdx": [531, 780, 1031, 1279, 1532, 1785, 2034, 2284, 5033], "peakTime": [0.1062, 0.156, 0.20620000000000002, 0.2558, 0.3064, 0.35700000000000004, 0.4068, 0.45680000000000004, 1.0066], "peakVolt": [-0.07534478604793549, -0.07594208419322968, -0.07587501406669617, -0.07590332627296448, -0.07576457411050797, -0.07570666819810867, -0.07583582401275635, -0.07588167488574982, -0.07624415308237076]}, "synapse": {"U": 0.020946529238480394, "tauR": 0.9651918392738308, "tauF": 0.026843450932632545, "tau": 0.6066989455677081, "cond": 0.045005580806382055, "nmda_ratio": 0.48362673153068897}, "meta": {"type": "FS5", "experiment": "GBZ_CC_H20", "datafile": "DATA/YvonneJohansson2019/M1RH_Analysis_190925.h5"}}, "179": {"soma": {"somaDiameter": 3.6416759562182524e-05, "somaGleak": 1.820294798721251}, "peaks": {"peakIdx": [527, 775, 1027, 1277, 1529, 1779, 2029, 2281, 5027], "peakTime": [0.10540000000000001, 0.155, 0.2054, 0.2554, 0.3058, 0.3558, 0.4058, 0.4562, 1.0054], "peakVolt": [-0.07264726608991623, -0.07410194724798203, -0.07495585829019547, -0.07490703463554382, -0.07519297301769257, -0.07520546764135361, -0.07545507699251175, -0.07523398101329803, -0.07511874288320541]}, "synapse": {"U": 0.24113783757563284, "tauR": 1.0156343822269296, "tauF": 0.0006946043810282991, "tau": 0.4437807758376186, "cond": 0.026260291264695677, "nmda_ratio": 0.8584367217926872}, "meta": {"type": "FS15", "experiment": "GBZ_CC_H20", "datafile": "DATA/YvonneJohansson2019/M1RH_Analysis_190925.h5"}}}