{"12": {"synapse": {"U": 0.4533721807660822, "tauR": 0.23858441771045386, "tauF": 1.0532509608932918, "tau": 0.027874258104849017, "cond": 0.002839323118688744}, "surrogatePeaks": [7.905963898310925e-05, 9.060859360420893e-05, 7.339402187480472e-05, 6.204556539147919e-05, 5.823329633963159e-05, 5.7142696336335946e-05, 5.675904809096067e-05, 5.658366110400899e-05, 0.00015793909256976067], "fittedPeaks": [0.00011205617061305073, 0.000101279780755692, 5.99048624055909e-05, 4.500742104231181e-05, 4.287886802421814e-05, 4.257811235186537e-05, 4.24056775219922e-05, 4.2302199795118955e-05, 0.00016669625669023247]}, "24": {"synapse": {"U": 0.34319153047349704, "tauR": 0.226088239129417, "tauF": 0.6819044659750226, "tau": 0.05514884185688578, "cond": 0.0034433545340716337}, "surrogatePeaks": [0.00014446641422377406, 0.00017003136109861752, 0.00012327594822853156, 8.068065018824631e-05, 6.130073985342104e-05, 5.5006409804577346e-05, 5.3126476145115834e-05, 5.245291068268507e-05, 0.00021765589773097422], "fittedPeaks": [0.00013567899059552246, 0.00014863640002100997, 0.00010152416128914044, 7.086282387601395e-05, 6.309163695962516e-05, 6.293943271763747e-05, 6.344988506035154e-05, 6.3606778272704e-05, 0.00021397714160563408]}, "30": {"synapse": {"U": 0.4877267211703563, "tauR": 0.20331078657417184, "tauF": 1.3969167937620346, "tau": 0.014745266196769807, "cond": 0.0009052970322104043}, "surrogatePeaks": [5.081781396671042e-05, 2.1558261028196602e-05, 1.896702576889609e-05, 1.8894377473107732e-05, 1.8889769052268057e-05, 1.8889420389790858e-05, 1.888939380577419e-05, 1.888939177800018e-05, 5.3461381953234085e-05], "fittedPeaks": [3.591112831230481e-05, 3.167188028455059e-05, 1.9815539056652898e-05, 1.5986812475554668e-05, 1.533298936315375e-05, 1.5172815181277444e-05, 1.510494967729703e-05, 1.5073227744938356e-05, 5.589654769891372e-05]}, "37": {"synapse": {"U": 0.4539791879310301, "tauR": 0.19487332764422832, "tauF": 1.7879691003688913, "tau": 0.06259437661842047, "cond": 0.0020842568938242334}, "surrogatePeaks": [0.00011537711023213247, 7.898532139215347e-05, 4.507856002828822e-05, 3.8046159169081576e-05, 3.7028014415469413e-05, 3.680568556065515e-05, 3.6735703283727465e-05, 3.6711386551874516e-05, 0.0001352682377940581], "fittedPeaks": [8.242071914693616e-05, 7.313097423855552e-05, 4.045608821316715e-05, 3.041901491425414e-05, 3.080401188661208e-05, 3.168598298161629e-05, 3.198019066558144e-05, 3.2049849423898547e-05, 0.00014036605378664468]}}