{"23": {"soma": {"somaDiameter": 2.961546604452993e-05, "somaGleak": 2.219378430188079}, "peaks": {"peakIdx": [528, 778, 1030, 1280, 1532, 1783, 2030, 2282, 5029], "peakTime": [0.1056, 0.15560000000000002, 0.20600000000000002, 0.256, 0.3064, 0.35660000000000003, 0.406, 0.45640000000000003, 1.0058], "peakVolt": [-0.07206093519926071, -0.07334257662296295, -0.07424725592136383, -0.07503984868526459, -0.07498437911272049, -0.07531522959470749, -0.07535156607627869, -0.07543359696865082, -0.07570155709981918]}, "synapse": {"U": 0.19683007282015796, "tauR": 1.398943874412951, "tauF": 0.009939242266719198, "tau": 1.213253962992475, "cond": 0.03707510001695906, "nmda_ratio": 0.4537298921112301}, "meta": {"type": "FS5", "experiment": "GBZ_CC_H20", "datafile": "DATA/YvonneJohansson2019/TH_Analysis_191001.h5"}}, "62": {"soma": {"somaDiameter": 2.640908405356374e-05, "somaGleak": 2.2654723187854886}, "peaks": {"peakIdx": [532, 783, 1033, 1286, 1534, 1782, 2031, 2282, 5032], "peakTime": [0.10640000000000001, 0.15660000000000002, 0.2066, 0.25720000000000004, 0.3068, 0.3564, 0.4062, 0.45640000000000003, 1.0064], "peakVolt": [-0.07087070494890213, -0.06953711807727814, -0.06913671642541885, -0.0704144537448883, -0.0717269629240036, -0.07148906588554382, -0.07191368192434311, -0.07272148877382278, -0.0726015567779541]}, "synapse": {"U": 0.11202423990256596, "tauR": 0.7795395786165338, "tauF": 0.04297428113075687, "tau": 0.2866032959913703, "cond": 0.0412465345500681, "nmda_ratio": 0.6009137621477414}, "meta": {"type": "FS13", "experiment": "GBZ_CC_H20", "datafile": "DATA/YvonneJohansson2019/TH_Analysis_191001.h5"}}, "65": {"soma": {"somaDiameter": 2.7277499607588403e-05, "somaGleak": 2.318249146410468}, "peaks": {"peakIdx": [534, 785, 1037, 1288, 1538, 1792, 2042, 2292, 5033], "peakTime": [0.1068, 0.157, 0.2074, 0.2576, 0.30760000000000004, 0.3584, 0.40840000000000004, 0.45840000000000003, 1.0066], "peakVolt": [-0.06738221645355225, -0.06556660681962967, -0.06650058925151825, -0.06742186844348907, -0.06886172294616699, -0.0692996084690094, -0.06976699084043503, -0.07071387022733688, -0.07137149572372437]}, "synapse": {"U": 0.12155742817213386, "tauR": 1.5372345232442148, "tauF": 0.043970726557372636, "tau": 0.5163641791388093, "cond": 0.05846464301575964, "nmda_ratio": 0.8694039872518907}, "meta": {"type": "FS16", "experiment": "GBZ_CC_H20", "datafile": "DATA/YvonneJohansson2019/TH_Analysis_191001.h5"}}, "74": {"soma": {"somaDiameter": 1.492457790636422e-05, "somaGleak": 2.6536170754462085}, "peaks": {"peakIdx": [542, 788, 1039, 1291, 1542, 1798, 2047, 2303, 5048], "peakTime": [0.10840000000000001, 0.15760000000000002, 0.2078, 0.2582, 0.3084, 0.35960000000000003, 0.40940000000000004, 0.4606, 1.0096], "peakVolt": [-0.0712374895811081, -0.07109756767749786, -0.07154791802167892, -0.0725010335445404, -0.07248525321483612, -0.0730275958776474, -0.07291266322135925, -0.07316720485687256, -0.07224150002002716]}, "synapse": {"U": 0.19997110769846946, "tauR": 0.673073553857449, "tauF": 0.024120543435785416, "tau": 0.13777440528706847, "cond": 0.010252953291717572, "nmda_ratio": 0.508347184440617}, "meta": {"type": "FS10", "experiment": "GBZ_CC_H20", "datafile": "DATA/YvonneJohansson2019/TH_Analysis_191001.h5"}}, "103": {"soma": {"somaDiameter": 1.6097138189577384e-05, "somaGleak": 2.9922860849453254}, "peaks": {"peakIdx": [527, 777, 1029, 1281, 1532, 1782, 2032, 2282, 5033], "peakTime": [0.10540000000000001, 0.1554, 0.2058, 0.25620000000000004, 0.3064, 0.3564, 0.40640000000000004, 0.45640000000000003, 1.0066], "peakVolt": [-0.07547561079263687, -0.07588588446378708, -0.07588104903697968, -0.07585383206605911, -0.075853630900383, -0.07594797760248184, -0.07596872746944427, -0.0758548304438591, -0.07608486711978912]}, "synapse": {"U": 0.07635407065777544, "tauR": 1.046180841864649, "tauF": 0.015753172336035803, "tau": 0.3132516501196314, "cond": 0.003449704667592368, "nmda_ratio": 0.3370161015772804}, "meta": {"type": "FS4", "experiment": "GBZ_CC_H20", "datafile": "DATA/YvonneJohansson2019/TH_Analysis_191001.h5"}}}