{
    "TegnerRun_benchmark-50000-neurons-1-nodes": {
        "init": [
            [
                0.06561613455414772,
                1
            ]
        ],
        "place": [
            [
                52.92544637620449,
                24
            ]
        ],
        "detect": [
            [
                1766.0617207698524,
                24
            ]
        ],
        "prune": [
            [
                1440.9177067279816,
                24
            ]
        ]
    }
}