{
    "Connectivity": {
        "FS,FS": {
            "GABA": {
                "pruning": {
                    "f1": 0.6594523756592591,
                    "mu2": 0.31352742101429865,
                    "a3": null,
                    "softMax": null
                }
            }
        },
        "FS,dSPN": {
            "GABA": {
                "pruning": {
                    "f1": 0.3005731524471484,
                    "mu2": 0.11971931418490422,
                    "a3": null,
                    "softMax": null
                }
            }
        },
        "FS,iSPN": {
            "GABA": {
                "pruning": {
                    "f1": 0.09393555696815414,
                    "mu2": 0.5670800228308375,
                    "a3": null,
                    "softMax": null
                }
            }
        },
        "dSPN,dSPN": {
            "GABA": {
                "pruning": {
                    "f1": 0.06529988326161429,
                    "mu2": 2.257995880839831,
                    "a3": null,
                    "softMax": null
                }
            }
        },
        "dSPN,iSPN": {
            "GABA": {
                "pruning": {
                    "f1": 0.03291468107839979,
                    "mu2": 2.5662750005987482,
                    "a3": null,
                    "softMax": null
                }
            }
        },
        "iSPN,iSPN": {
            "GABA": {
                "pruning": {
                    "f1": 0.07354401764127266,
                    "mu2": 1.8895343010806291,
                    "a3": null,
                    "softMax": null
                }
            }
        },
        "iSPN,dSPN": {
            "GABA": {
                "pruning": {
                    "f1": 0.04762793746317756,
                    "mu2": 1.7284849919324432,
                    "a3": null,
                    "softMax": null
                }
            }
        }
    }
}