{
    "Connectivity": {
        "FS,FS": {
            "GABA": {
                "pruning": {
                    "f1": 0.9998998441790733,
                    "mu2": 3.4776169573276903,
                    "a3": 0.9905652835838918,
                    "softMax": 0.9999415491784648
                }
            }
        },
        "FS,dSPN": {
            "GABA": {
                "pruning": {
                    "f1": 0.9011375369753506,
                    "mu2": 3.9330864856155703,
                    "a3": 0.6044371056690176,
                    "softMax": 0.8846165053779896
                }
            }
        },
        "FS,iSPN": {
            "GABA": {
                "pruning": {
                    "f1": 0.5407916419763512,
                    "mu2": 3.607425203286203,
                    "a3": 0.6107633561276988,
                    "softMax": 0.6549322703192841
                }
            }
        },
        "dSPN,dSPN": {
            "GABA": {
                "pruning": {
                    "f1": 0.0785498215669923,
                    "mu2": 2.9511540851784623,
                    "a3": 2.2824140454836703,
                    "softMax": 0.8921727407623017
                }
            }
        },
        "dSPN,iSPN": {
            "GABA": {
                "pruning": {
                    "f1": 0.06524752450372423,
                    "mu2": 3.0479873256832235,
                    "a3": 2.465402734725766,
                    "softMax": 0.35244635684933495
                }
            }
        },
        "iSPN,iSPN": {
            "GABA": {
                "pruning": {
                    "f1": 0.10677965500447278,
                    "mu2": 2.686761719971818,
                    "a3": 2.209809977880379,
                    "softMax": 0.8972585190090063
                }
            }
        },
        "iSPN,dSPN": {
            "GABA": {
                "pruning": {
                    "f1": 0.15148061762536763,
                    "mu2": 2.8207086003751183,
                    "a3": 2.590084395844054,
                    "softMax": 0.4902826807490995
                }
            }
        }
    }
}