{
    "Connectivity": {
        "FS,FS": {
            "GABA": {
                "pruning": {
                    "f1": 0.6594912487147225,
                    "mu2": 0.30706138673776984,
                    "a3": 0.9999084858407646,
                    "softMax": null
                }
            }
        },
        "FS,dSPN": {
            "GABA": {
                "pruning": {
                    "f1": 0.46226548289108177,
                    "mu2": 0.5976131677520446,
                    "a3": 0.9338876189963864,
                    "softMax": null
                }
            }
        },
        "FS,iSPN": {
            "GABA": {
                "pruning": {
                    "f1": 0.4052054288205477,
                    "mu2": 0.5890036190313013,
                    "a3": 0.6853815607446027,
                    "softMax": null
                }
            }
        },
        "dSPN,dSPN": {
            "GABA": {
                "pruning": {
                    "f1": 0.07354749602021182,
                    "mu2": 2.26433326845832,
                    "a3": 0.8979528460736894,
                    "softMax": null
                }
            }
        },
        "dSPN,iSPN": {
            "GABA": {
                "pruning": {
                    "f1": 0.038895522705355456,
                    "mu2": 2.5648629975551867,
                    "a3": 0.7752969459147717,
                    "softMax": null
                }
            }
        },
        "iSPN,iSPN": {
            "GABA": {
                "pruning": {
                    "f1": 0.07830995464179968,
                    "mu2": 1.8414035246452067,
                    "a3": 0.8780989676335827,
                    "softMax": null
                }
            }
        },
        "iSPN,dSPN": {
            "GABA": {
                "pruning": {
                    "f1": 0.09385145808412942,
                    "mu2": 2.7543341038607405,
                    "a3": 0.8210354465624712,
                    "softMax": null
                }
            }
        }
    }
}