{
    "TegnerRun_benchmark-500000-neurons-1-nodes-half": {
        "init": [
            [
                0.18765418231487274,
                12
            ]
        ],
        "place": [
            [
                492.34606211446226,
                12
            ]
        ],
        "detect": [
            [
                33110.141298729926,
                12
            ]
        ],
        "prune": [
            [
                28747.746365739033,
                12
            ]
        ]
    }
}
