{
  "M1LH_UP31_MSN1D2_CC_GBZH20": {
    "U": 0.07325209920228758,
    "tauR": 0.13083869818841623,
    "tauF": 0.23848366137484261,
    "tau": 0.10545079784934543,
    "expdata": {
      "time": [
        0.1072,
        0.15660000000000002,
        0.20720000000000002,
        0.2574,
        0.30760000000000004,
        0.35800000000000004,
        0.4078,
        0.458,
        1.0076
      ],
      "amplitude": [
        0.0021706148982048035,
        0.0026335895201374665,
        0.00324130867447818,
        0.003476034601844119,
        0.004049589761865577,
        0.0033084206578141012,
        0.0031477053220861084,
        0.0034916970743348458,
        0.0024136711211966144
      ]
    }
  },
  "M1LH_UP34_MSN4D2_CC_GBZH20": {
    "U": 0.3080358760305557,
    "tauR": 0.025743921740485558,
    "tauF": 0.060529971095388255,
    "tau": 0.012108346302606848,
    "expdata": {
      "time": [
        0.10600000000000001,
        0.1568,
        0.2066,
        0.2566,
        0.30660000000000004,
        0.35700000000000004,
        0.4066,
        0.457,
        1.0066
      ],
      "amplitude": [
        0.0011161640286445618,
        0.000906210173973937,
        0.0010667172854680607,
        0.0012931527193414116,
        0.0012889751482565714,
        0.0014592374129748648,
        0.0014506285470777952,
        0.0014957836419112053,
        0.0009596991320460768
      ]
    }
  },
  "M1LH_UP38_MSN8D2_CC_GBZH20": {
    "U": 0.016134523276073596,
    "tauR": 1.622460497451548,
    "tauF": 0.11330889558203448,
    "tau": 1.5482111190060803,
    "expdata": {
      "time": [
        0.10640000000000001,
        0.1578,
        0.2066,
        0.2564,
        0.3064,
        0.3572,
        0.4072,
        0.4572,
        1.0064
      ],
      "amplitude": [
        0.00042413920164108276,
        0.0005726808736970374,
        0.0005560682810389905,
        0.0006233340818789651,
        0.0006432971941528337,
        0.0006492340915676964,
        0.000651737828598703,
        0.0006282948893118478,
        0.00034048497386193755
      ]
    }
  },
  "M1LH_UP40_MSN10D2_CC_GBZH20": {
    "U": 0.04088646229707665,
    "tauR": 0.7701819972846201,
    "tauF": 0.08490611377526343,
    "tau": 0.718610614688239,
    "expdata": {
      "time": [
        0.1058,
        0.15560000000000002,
        0.2058,
        0.256,
        0.30560000000000004,
        0.3556,
        0.4058,
        0.45580000000000004,
        1.0062
      ],
      "amplitude": [
        0.0011119544506072998,
        0.0010909210850034712,
        0.0013668155727687425,
        0.001578356981186746,
        0.0014851252973581697,
        0.0012113545548013,
        0.001068945899494425,
        0.0012359787293228647,
        0.0006965461428176667
      ]
    }
  },
  "M1LH_UP42_MSN12D2_CC_GBZH20": {
    "U": 0.061731186529060865,
    "tauR": 1.8774075465511422,
    "tauF": 0.012304095391311193,
    "tau": 1.0278255156628726,
    "expdata": {
      "time": [
        0.10540000000000001,
        0.155,
        0.20520000000000002,
        0.2554,
        0.3054,
        0.3556,
        0.4056,
        0.4556,
        1.0058
      ],
      "amplitude": [
        0.0047386884689331055,
        0.0027926992612000434,
        0.00402972005932975,
        0.00424355468411354,
        0.0036776289052988798,
        0.0038996408328701854,
        0.004023114655463997,
        0.004172505688403924,
        0.003052885777824463
      ]
    }
  },
  "M1LH_UP43_MSN1D2_CC_GBZH20": {
    "U": 0.04045968604223241,
    "tauR": 1.710690546686816,
    "tauF": 0.016917801587135673,
    "tau": 1.513982909326069,
    "expdata": {
      "time": [
        0.1062,
        0.1562,
        0.20720000000000002,
        0.2566,
        0.30720000000000003,
        0.35700000000000004,
        0.4068,
        0.457,
        1.0070000000000001
      ],
      "amplitude": [
        0.0012842640280723572,
        0.0010286450426305882,
        0.0012617818051133128,
        0.001080730654937051,
        0.0011555540481220788,
        0.0012140338893937702,
        0.0010788754543817752,
        0.0012677511386044032,
        0.000936183634913268
      ]
    }
  },
  "M1LH_UP45_MSN3D2_CC_GBZH20": {
    "U": 0.09383035739559868,
    "tauR": 1.1975389871821234,
    "tauF": 0.01656846859673414,
    "tau": 0.9894746723307094,
    "expdata": {
      "time": [
        0.1066,
        0.1568,
        0.2068,
        0.25680000000000003,
        0.30720000000000003,
        0.35700000000000004,
        0.4072,
        0.45680000000000004,
        1.0070000000000001
      ],
      "amplitude": [
        0.0014216303825378418,
        0.000833896840689255,
        0.0012795947616032338,
        0.001162103269691267,
        0.0010354735637920914,
        0.0010209909803628459,
        0.0008804984356188816,
        0.0008866471365873846,
        0.000790878346434945
      ]
    }
  },
  "M1LH_UP46_MSN4D2_CC_GBZH20": {
    "U": 0.09760772412083026,
    "tauR": 1.8040162101083177,
    "tauF": 0.028224718238479433,
    "tau": 0.31471282845175663,
    "expdata": {
      "time": [
        0.1062,
        0.1562,
        0.20700000000000002,
        0.257,
        0.30760000000000004,
        0.3572,
        0.40700000000000003,
        0.4572,
        1.0070000000000001
      ],
      "amplitude": [
        0.0005393177270889282,
        0.00046826296847726767,
        0.0004464810938315106,
        0.0004170267816032275,
        0.0004586306606932239,
        0.0003737745828108763,
        0.0003318420001867106,
        0.0003776317389349443,
        0.0002589745543797456
      ]
    }
  },
  "M1LH_UP49_MSN7D2_CC_GBZH20": {
    "U": 0.28309212766487196,
    "tauR": 0.5074184642279401,
    "tauF": 0.14395041592700997,
    "tau": 0.08659150316932279,
    "expdata": {
      "time": [
        0.1052,
        0.156,
        0.20620000000000002,
        0.25680000000000003,
        0.30720000000000003,
        0.3558,
        0.40740000000000004,
        0.45640000000000003,
        1.0074
      ],
      "amplitude": [
        0.0005616620182991028,
        0.0006392044165323407,
        0.00038732260898467763,
        0.0003301194734964541,
        0.00022437123602259135,
        0.0001344649731540859,
        0.0002630850372671023,
        0.00011065035859531003,
        0.0004099907480345777
      ]
    }
  },
  "M1LH_UP55_MSN12D2_CC_GBZH20": {
    "U": 0.7722643784431109,
    "tauR": 0.04591901389895627,
    "tauF": 0.1605464440636257,
    "tau": 0.0014056428285778766,
    "expdata": {
      "time": [
        0.10600000000000001,
        0.1562,
        0.20620000000000002,
        0.2564,
        0.3068,
        0.3568,
        0.4068,
        0.4566,
        1.0062
      ],
      "amplitude": [
        0.00153457373380661,
        0.0011924903902270634,
        0.0012910499046766832,
        0.001213496596101593,
        0.001325711138974811,
        0.0012886902030969927,
        0.0012780715684256733,
        0.0012615260676906853,
        0.0013505877079770245
      ]
    }
  },
  "M1LH_UP135_MSN5D2_CC_GBZH20": {
    "U": 0.7215935545129983,
    "tauR": 0.7127921473040901,
    "tauF": 0.00011728589455113972,
    "tau": 0.00027476559950339425,
    "expdata": {
      "time": [
        0.1134,
        0.1628,
        0.2124,
        0.263,
        0.314,
        0.364,
        0.41440000000000005,
        0.4672,
        1.0136
      ],
      "amplitude": [
        0.013858780264854431,
        0.004583162623366166,
        0.003569234908314678,
        0.002103104459371702,
        0.0016087817241640517,
        0.0012178198034036025,
        0.001111910014469225,
        0.0010672400437086865,
        0.008364301222409054
      ]
    }
  },
  "M1LH_UP136_MSN6D2_CC_GBZH20": {
    "U": 0.9067554073526365,
    "tauR": 0.6050820091779696,
    "tauF": 1.2296128317802435,
    "tau": 0.003353189407531592,