{
  "M1LH_UP4_LTS5_CC_GBZH20": {
    "U": 0.09712331135979994,
    "tauR": 1.587775469355888,
    "tauF": 0.05790974117290103,
    "tau": 0.24040831531063253,
    "expdata": {
      "time": [
        0.10740000000000001,
        0.159,
        0.2076,
        0.2584,
        0.308,
        0.3604,
        0.41040000000000004,
        0.457,
        1.0062
      ],
      "amplitude": [
        0.00044980645179748535,
        0.0004222721365886306,
        0.000505065756787007,
        0.0005216961911112261,
        0.00039255847071319183,
        0.000370436509998448,
        0.00038015752756555277,
        0.0002891588164959519,
        0.0002367128267280333
      ]
    }
  },
  "M1LH_UP14_LTS4_CC_GBZH20": {
    "U": 0.07525527126060039,
    "tauR": 0.8345839426986532,
    "tauF": 0.014673830907136257,
    "tau": 0.042136435692231196,
    "expdata": {
      "time": [
        0.10540000000000001,
        0.15560000000000002,
        0.20720000000000002,
        0.257,
        0.307,
        0.35800000000000004,
        0.4068,
        0.46140000000000003,
        1.006
      ],
      "amplitude": [
        0.00235053151845932,
        0.0017670017329674548,
        0.001994409111307896,
        0.0021636393795177455,
        0.0020242474974579566,
        0.001391182387469353,
        0.0023938592644453804,
        0.0014481850423074816,
        0.001847155623567076
      ]
    }
  },
  "M1LH_UP48_LTS6_CC_GBZH20": {
    "U": 0.12070160698001817,
    "tauR": 1.653965790318706,
    "tauF": 0.025218671787675596,
    "tau": 1.0338651942512347,
    "expdata": {
      "time": [
        0.10940000000000001,
        0.158,
        0.20520000000000002,
        0.255,
        0.30660000000000004,
        0.3562,
        0.4056,
        0.45580000000000004,
        1.0064
      ],
      "amplitude": [
        0.0008326023817062378,
        0.0007673375188986253,
        0.0006630280602779037,
        0.0005005071758146656,
        0.0004957200737161632,
        0.0006289140241236835,
        0.0006095472619942754,
        0.0005150349768289764,
        0.0003380846006229288
      ]
    }
  },
  "M1LH_UP75_LTS14_CC_GBZH20": {
    "U": 0.2059713904588099,
    "tauR": 0.1502064487355609,
    "tauF": 0.00014690847134874244,
    "tau": 0.08324862724661408,
    "expdata": {
      "time": [
        0.10400000000000001,
        0.154,
        0.2044,
        0.2544,
        0.306,
        0.3542,
        0.4046,
        0.4554,
        1.0046
      ],
      "amplitude": [
        0.0007193237543106079,
        0.00045579743518767146,
        0.000644715186445044,
        0.00045041416744248663,
        0.00029622826236497257,
        0.0005423758413508895,
        0.0004508840145405202,
        0.0003911973852018802,
        0.0006960209952958651
      ]
    }
  },
  "M1LH_UP109_LTS9_CC_GBZH20": {
    "U": 0.4217484631696371,
    "tauR": 0.11532390367467023,
    "tauF": 0.1378078576052478,
    "tau": 0.07336232812864775,
    "expdata": {
      "time": [
        0.10640000000000001,
        0.156,
        0.2064,
        0.2564,
        0.30660000000000004,
        0.3564,
        0.4086,
        0.4572,
        1.0066
      ],
      "amplitude": [
        0.0010959357023239136,
        0.001037757440752969,
        0.0005552553786512052,
        0.0007499093214618988,
        0.0004162404810899162,
        0.0007567100047065414,
        0.0005035098232014368,
        0.0006178354166523695,
        0.0010976121284175522
      ]
    }
  }
}