{
  "TH_UP8_MSN2D1_CC_GBZH20": {
    "U": 0.037162271985103676,
    "tauR": 0.6443477157133224,
    "tauF": 0.06332074587794295,
    "tau": 0.06711075632761791,
    "expdata": {
      "time": [
        0.1114,
        0.15960000000000002,
        0.20980000000000001,
        0.25980000000000003,
        0.30960000000000004,
        0.3598,
        0.4096,
        0.4606,
        1.0106
      ],
      "amplitude": [
        0.0018730685114860535,
        0.002305970516116654,
        0.002266105188664727,
        0.00280250012428869,
        0.0025380768403735487,
        0.0020305464825902814,
        0.0018736755126392557,
        0.002077971504341719,
        0.0017123923276757547
      ]
    }
  },
  "TH_UP12_MSN6D1_CC_GBZH20": {
    "U": 0.14614247015217197,
    "tauR": 0.45328822922904205,
    "tauF": 0.05048867585466816,
    "tau": 0.3323711352751958,
    "expdata": {
      "time": [
        0.1092,
        0.1592,
        0.20980000000000001,
        0.26,
        0.3094,
        0.3598,
        0.4102,
        0.45940000000000003,
        1.0110000000000001
      ],
      "amplitude": [
        0.003354385495185852,
        0.0034646797237858074,
        0.003381277390449605,
        0.0028702723311881534,
        0.0021745595936168705,
        0.002068641607913674,
        0.0016982474781650492,
        0.001485951008479272,
        0.002266068137078081
      ]
    }
  },
  "TH_UP13_MSN7D1_CC_GBZH20": {
    "U": 0.12174915778655854,
    "tauR": 0.3447677060051583,
    "tauF": 0.2397800068058438,
    "tau": 0.07871220528971025,
    "expdata": {
      "time": [
        0.1082,
        0.1574,
        0.2078,
        0.2582,
        0.3088,
        0.3584,
        0.40840000000000004,
        0.4586,
        1.0082
      ],
      "amplitude": [
        0.0023615434765815735,
        0.0034381637808052617,
        0.003406042380100796,
        0.0029950109259991864,
        0.002596177279335296,
        0.0021742078673349374,
        0.0023137036361097485,
        0.002100786484611525,
        0.0024271144573925207
      ]
    }
  },
  "TH_UP14_MSN9D1_CC_GBZH20": {
    "U": 0.1184223000328226,
    "tauR": 0.9659833449754873,
    "tauF": 0.03588648952506637,
    "tau": 0.3672872452006715,
    "expdata": {
      "time": [
        0.10980000000000001,
        0.16,
        0.21080000000000002,
        0.2606,
        0.3098,
        0.3602,
        0.40940000000000004,
        0.4596,
        1.0124
      ],
      "amplitude": [
        0.0020549073815345764,
        0.002321209355610074,
        0.001852715948096606,
        0.001694517317289132,
        0.001379972684788705,
        0.0013594725833061538,
        0.0012327266258235353,
        0.0010884693871892198,
        0.0011746059847453083
      ]
    }
  },
  "TH_UP17_MSN12D1_CC_GBZH20": {
    "U": 0.21476769749789126,
    "tauR": 1.906039150765171,
    "tauF": 0.0006934096945184023,
    "tau": 0.4964879426424186,
    "expdata": {
      "time": [
        0.10840000000000001,
        0.1574,
        0.2084,
        0.25880000000000003,
        0.3094,
        0.35960000000000003,
        0.4098,
        0.4602,
        1.0098
      ],
      "amplitude": [
        0.0032498836517333984,
        0.0026750198473297904,
        0.0021348360192391946,
        0.0014028602138406038,
        0.0013116610554596425,
        0.001166877991132076,
        0.0010684033053504072,
        0.0009889449193912908,
        0.001080983770029506
      ]
    }
  },
  "TH_UP53_MSN2D1_CC_GBZH20": {
    "U": 0.189593249271118,
    "tauR": 1.5924389693971193,
    "tauF": 0.0006217451953423763,
    "tau": 0.43149209277460965,
    "expdata": {
      "time": [
        0.1082,
        0.1574,
        0.2082,
        0.2574,
        0.30760000000000004,
        0.35900000000000004,
        0.40840000000000004,
        0.458,
        1.0074
      ],
      "amplitude": [
        0.002241097390651703,
        0.001624701809464349,
        0.0014399143111428897,
        0.0010653389966370774,
        0.0009835593270191983,
        0.0009164130837556878,
        0.0009484280746165086,
        0.0009680006879067143,
        0.0009038640132984915
      ]
    }
  },
  "TH_UP57_MSN6D1_CC_GBZH20": {
    "U": 0.08404173754365597,
    "tauR": 1.0020991467464517,
    "tauF": 0.08779314974372368,
    "tau": 0.16213063541793155,
    "expdata": {
      "time": [
        0.10880000000000001,
        0.1584,
        0.2088,
        0.25880000000000003,
        0.30860000000000004,
        0.35900000000000004,
        0.4082,
        0.4592,
        1.0096
      ],
      "amplitude": [
        0.0015377700328826904,
        0.0019688160468590427,
        0.0021040954114914107,
        0.0018193634759322563,
        0.0015423321507678223,
        0.0015757684717721543,
        0.0012851322468747511,
        0.0013296448834715785,
        0.0009455805011942403
      ]
    }
  },
  "TH_UP59_MSN9D1_CC_GBZH20": {
    "U": 0.13509512485335576,
    "tauR": 0.7127709568902297,
    "tauF": 0.048486002616221664,
    "tau": 0.20950107087262962,
    "expdata": {
      "time": [
        0.109,
        0.1588,
        0.2088,
        0.25880000000000003,
        0.3094,
        0.35900000000000004,
        0.4098,
        0.459,
        1.0094
      ],
      "amplitude": [
        0.0050393640995025635,
        0.005468523791062024,
        0.005102980121172232,
        0.004207527662831334,
        0.003603619533098887,
        0.0031195023307535596,
        0.0029516043714622187,
        0.0023882242401989384,
        0.0032199221501976183
      ]
    }
  },
  "TH_UP63_MSN14D1_CC_GBZH20": {
    "U": 0.06740906439244151,
    "tauR": 1.9317882726403584,
    "tauF": 1.1009770614044665,
    "tau": 1.8795983437907202,
    "expdata": {
      "time": [
        0.109,
        0.1592,
        0.2092,
        0.259,
        0.3098,
        0.3602,
        0.40940000000000004,
        0.4606,
        1.0096
      ],
      "amplitude": [
        0.0007154345512390137,
        0.002246441832048432,
        0.00262660787674604,
        0.0020481101014092895,
        0.0013495478392237942,
        0.0010705214782608247,
        0.0007908209373277963,
        0.00044860842294040804,
        0.0003950581115414048
      ]
    }
  },
  "TH_UP66_MSN17D1_CC_GBZH20": {
    "U": 0.10719589790562425,
    "tauR": 1.015163018718029,
    "tauF": 0.1554535643966315,
    "tau": 0.03695607003455021,
    "expdata": {
      "time": [
        0.10880000000000001,
        0.1588,
        0.2088,
        0.2594,
        0.309,
        0.3598,
        0.4096,
        0.46,
        1.0092
      ],
      "amplitude": [
        0.0029740110039711,
        0.004300417066561452,
        0.004254799388933264,
        0.0036379864765080233,
        0.003140263999731177,
        0.0026889645680572005,
        0.0023208182173555525,
        0.0022413506305672265,
        0.0017037267277910384
      ]
    }
  },
  "TH_UP72_MSN8D1_CC_GBZH20": {
    "U": 0.9702943392142188,
    "tauR": 0.16679248705216942,
    "tauF": 1.3011359655368362,
    "tau": 0.0905428824894091,
    "expdata": {
      "time": [
        0.1246,
        0.168,
        0.2172,
        0.26480000000000004,
        0.312,
        0.36300000000000004,
        0.4128,
        0.463,
        1.0250000000000001
      ],
      "amplitude": [
        0.0015969499945640564,
        0.0003996999352082753,
        0.0004685910436303953,
        0.0004347457289835821,
        0.0004953017579591851,
        0.00048718035035480445,
        0.00043555984971581363,
        0.00048450281133494144,
        0.0011701340812919625
      ]
    }
  },
  "TH_UP151_MSN1D1_CC_GBZH20": {
    "U": 0.3203951153382769,
    "tauR": 1.4934278021898046,
    "tauF": 0.04662099248770629,
    "tau": 0.3348774089198599,
    "expdata": {
      "time": [
        0.1106,
        0.16060000000000002,
        0.2116,
        0.2602,
        0.3106,
        0.36160000000000003,
        0.41040000000000004,
        0.46140000000000003,
        1.012
      ],