{
  "TH_UP9_MSN3D2_CC_GBZH20": {
    "U": 0.05241290896838709,
    "tauR": 1.5662112382827031,
    "tauF": 0.054302819336564966,
    "tau": 1.3721596014342825,
    "expdata": {
      "time": [
        0.11,
        0.1598,
        0.2094,
        0.2594,
        0.3094,
        0.36000000000000004,
        0.4098,
        0.4602,
        1.0094
      ],
      "amplitude": [
        0.0008562877774238586,
        0.0008357011363618605,
        0.0010488020729219338,
        0.001254582243485916,
        0.0007992088415886972,
        0.0008812743893402558,
        0.0009262385974133924,
        0.0007283647682481964,
        0.0005287912616812052
      ]
    }
  },
  "TH_UP10_MSN4D2_CC_GBZH20": {
    "U": 0.22616230056320835,
    "tauR": 1.3438623988252636,
    "tauF": 0.00435915254944262,
    "tau": 0.3515789810926504,
    "expdata": {
      "time": [
        0.1102,
        0.15940000000000001,
        0.21000000000000002,
        0.26,
        0.30960000000000004,
        0.3602,
        0.41040000000000004,
        0.46040000000000003,
        1.0134
      ],
      "amplitude": [
        0.0036092400550842285,
        0.002701658580134242,
        0.0024212888244368597,
        0.0018687033030762995,
        0.0015115695662214768,
        0.0013046173336652422,
        0.0012040954074606508,
        0.0011167094854045434,
        0.0015576773534317218
      ]
    }
  },
  "TH_UP15_MSN10D2_CC_GBZH20": {
    "U": 0.13428589537647367,
    "tauR": 1.111520361709062,
    "tauF": 0.07937664372463255,
    "tau": 0.058353153617894775,
    "expdata": {
      "time": [
        0.1096,
        0.15860000000000002,
        0.20900000000000002,
        0.2592,
        0.31020000000000003,
        0.36060000000000003,
        0.4098,
        0.45880000000000004,
        1.0108000000000001
      ],
      "amplitude": [
        0.002181217074394226,
        0.0026084889755459556,
        0.002474152434839269,
        0.002028125834264427,
        0.0017085638677659665,
        0.0014674147056832204,
        0.0014750691326663873,
        0.0011806557050693806,
        0.0011448583663947742
      ]
    }
  },
  "TH_UP54_MSN3D2_CC_GBZH20": {
    "U": 0.1340034923204114,
    "tauR": 1.018783367143931,
    "tauF": 0.01662259306007845,
    "tau": 0.5898715332384005,
    "expdata": {
      "time": [
        0.108,
        0.1578,
        0.20800000000000002,
        0.2582,
        0.308,
        0.3568,
        0.4076,
        0.45740000000000003,
        1.0072
      ],
      "amplitude": [
        0.005468353629112244,
        0.00508420832506877,
        0.004662578138456011,
        0.0035973923705137772,
        0.002985662825477256,
        0.0027288585101831325,
        0.002859699657926984,
        0.002749736582228393,
        0.002879050885869261
      ]
    }
  },
  "TH_UP56_MSN5D2_CC_GBZH20": {
    "U": 0.07260026434420465,
    "tauR": 0.32288835910942776,
    "tauF": 0.07033399477038445,
    "tau": 0.18523682117291185,
    "expdata": {
      "time": [
        0.10940000000000001,
        0.1582,
        0.2084,
        0.2582,
        0.30860000000000004,
        0.3588,
        0.40840000000000004,
        0.45880000000000004,
        1.0088000000000001
      ],
      "amplitude": [
        0.001514539122581482,
        0.0019896279762732505,
        0.0018940701613086308,
        0.0018320414870325874,
        0.0016268765829420967,
        0.0015912411383794262,
        0.0016011381137516906,
        0.0013390918107594185,
        0.0013545471256886932
      ]
    }
  },
  "TH_UP58_MSN8D2_CC_GBZH20": {
    "U": 0.11809662148291829,
    "tauR": 0.890022097367996,
    "tauF": 0.03474363473298509,
    "tau": 0.2291029543054968,
    "expdata": {
      "time": [
        0.10980000000000001,
        0.15940000000000001,
        0.21080000000000002,
        0.2594,
        0.30860000000000004,
        0.3588,
        0.4092,
        0.46,
        1.0122
      ],
      "amplitude": [
        0.007855664938688278,
        0.008033493230474573,
        0.006947844936757652,
        0.006752580702432551,
        0.005765550600431019,
        0.004852383913825892,
        0.0047870812995114975,
        0.004427319268316854,
        0.004807192037655006
      ]
    }
  },
  "TH_UP60_MSN10D2_CC_GBZH20": {
    "U": 0.13156855457255118,
    "tauR": 0.5872635415904336,
    "tauF": 0.02220530946100164,
    "tau": 0.31041558677112413,
    "expdata": {
      "time": [
        0.1082,
        0.158,
        0.20800000000000002,
        0.25780000000000003,
        0.30760000000000004,
        0.35760000000000003,
        0.4078,
        0.458,
        1.0078
      ],
      "amplitude": [
        0.007403075695037842,
        0.006904870254228729,
        0.006361871596922086,
        0.005547693087788894,
        0.004658483868426988,
        0.0043065985628414905,
        0.0037397413194113494,
        0.003720410968334295,
        0.005097003056502292
      ]
    }
  },
  "TH_UP61_MSN11D2_CC_GBZH20": {
    "U": 0.1682108639621925,
    "tauR": 1.5738867922423063,
    "tauF": 0.04044077690490221,
    "tau": 0.003933834014426918,
    "expdata": {
      "time": [
        0.10840000000000001,
        0.15860000000000002,
        0.2086,
        0.2584,
        0.3084,
        0.3584,
        0.4082,
        0.45840000000000003,
        1.0086
      ],
      "amplitude": [
        0.006813205778598785,
        0.006919816134394782,
        0.006346485684263867,
        0.004697097980083942,
        0.003939178929754983,
        0.0035611579156994144,
        0.003162816631445048,
        0.00270999129702601,
        0.0033354539505329184
      ]
    }
  },
  "TH_UP64_MSN15D2_CC_GBZH20": {
    "U": 0.07882966332241943,
    "tauR": 1.8350506264281914,
    "tauF": 0.3206524161993356,
    "tau": 1.103649209448023,
    "expdata": {
      "time": [
        0.1102,
        0.1598,
        0.2104,
        0.26,
        0.3106,
        0.3618,
        0.41000000000000003,
        0.4606,
        1.0134
      ],
      "amplitude": [
        0.0023992806673049927,
        0.00483247809014592,
        0.005868293488535473,
        0.004697530263908997,
        0.0031176634860706487,
        0.002899862250936844,
        0.0020299694443468574,
        0.0017036176916137569,
        0.0004982041601905018
      ]
    }
  },
  "TH_UP67_MSN18D2_CC_GBZH20": {
    "U": 0.15424319179131896,
    "tauR": 1.5037556434853838,
    "tauF": 0.06316003770751327,
    "tau": 0.00929381712199678,
    "expdata": {
      "time": [
        0.1086,
        0.15860000000000002,
        0.2086,
        0.2594,
        0.309,
        0.3588,
        0.4092,
        0.4596,
        1.0090000000000001
      ],
      "amplitude": [
        0.004639722406864166,
        0.005155697952238608,
        0.0047352677988872355,
        0.004091111844404985,
        0.0030938119944898534,
        0.002597362571023748,
        0.0024088624261515285,
        0.0019868702376451275,
        0.0022385512022946585
      ]
    }
  },
  "TH_UP71_MSN7D2_CC_GBZH20": {
    "U": 0.16059903355355534,
    "tauR": 1.0996942052071954,
    "tauF": 0.02904900359517309,
    "tau": 0.010525360949259798,
    "expdata": {
      "time": [
        0.11040000000000001,
        0.16060000000000002,
        0.20980000000000001,
        0.2602,
        0.31020000000000003,
        0.3614,
        0.41140000000000004,
        0.4612,
        1.0116
      ],
      "amplitude": [
        0.001855708658695221,
        0.001802893119127652,
        0.0016043511959789175,
        0.0012889090752930682,
        0.001105643933707462,
        0.0009824025701550554,
        0.0009172649392998194,
        0.0008013498329220159,
        0.0011656340916876284
      ]
    }
  },
  "TH_UP75_MSN11D2_CC_GBZH20": {
    "U": 0.4223183440028502,
    "tauR": 0.654603215155656,
    "tauF": 0.009708735986460324,
    "tau": 0.04526820651701799,