{
  "8": {
    "soma": {
      "somaDiameter": 2.9339889885050798e-05,
      "somaGleak": 2.1578594710509242
    },
    "peaks": {
      "peakIdx": [
        1086,
        1585,
        2114,
        2750,
        3066,
        3584,
        4102,
        4598,
        10070
      ],
      "peakTime": [
        0.10859999999999999,
        0.15849999999999997,
        0.21139999999999998,
        0.27499999999999997,
        0.3066,
        0.35839999999999994,
        0.41019999999999995,
        0.4598,
        1.007
      ],
      "peakVolt": [
        -0.08701167,
        -0.0869825,
        -0.08709,
        -0.08712668,
        -0.08712042,
        -0.08712167,
        -0.08707583,
        -0.08709375,
        -0.08709291
      ]
    },
    "synapse": {
      "U": 0.41058043491899243,
      "tauR": 0.8068007611712702,
      "tauF": 0.6157876149056605,
      "tau": 0.12627941739793477,
      "cond": 0.006783749951502872
    },
    "meta": {
      "type": "DD",
      "experiment": "planert",
      "datafile": "DATA/Planert2010/d1d2conns/traces/trace_table.txt"
    }
  }
}