{"34": {"synapse": {"U": 0.39784032933059865, "tauR": 0.7230744770115825, "tauF": 0.016133035548388908, "tau": 0.36785640164852024, "cond": 0.06046869146023803}, "surrogatePeaks": [0.0022996515319773977, 0.0012347973555268256, 0.0007046178375825436, 0.00044064711992119674, 0.00030921891980357276, 0.00024378222311542482, 0.000211201990945887, 0.00019498064142881694, 0.000823563801124519], "fittedPeaks": [0.002072063886210715, 0.001356526275418879, 0.0008464887450066322, 0.0005371205402354973, 0.00035951779905382675, 0.00026336541293470184, 0.00021551665098938633, 0.00019523517396298484, 0.0008801888466386243]}, "41": {"synapse": {"U": 0.39193073729088085, "tauR": 0.6274137582986107, "tauF": 0.015733414128820178, "tau": 0.3881105825936041, "cond": 0.08742940881550657}, "surrogatePeaks": [0.003096077696579595, 0.0019359752658151435, 0.0012738348640969244, 0.000895985653196906, 0.0006803666931671851, 0.0005573241286120419, 0.0004871101145465824, 0.00044704261604304555, 0.0014841860718516197], "fittedPeaks": [0.002821999074523185, 0.001898825618701902, 0.001216391650349008, 0.0007892285823829781, 0.0005386864655422263, 0.00040122663588369745, 0.0003324170886887523, 0.0003033982534869778, 0.0013174169846595224]}, "42": {"synapse": {"U": 0.5929747216789042, "tauR": 0.9482885580121404, "tauF": 0.1757807904991282, "tau": 0.018328000146586983, "cond": 0.07492662139142967}, "surrogatePeaks": [0.0027035816549459877, 0.0014487792655032926, 0.0008503772181636883, 0.0005651588358318166, 0.0004292142484485115, 0.00036441852705249717, 0.0003335347265861204, 0.00031881447792313347, 0.001321414625034633], "fittedPeaks": [0.002485349626450653, 0.0014964750341999178, 0.0005476674596108511, 0.00029594441239413904, 0.0002544592599062062, 0.0002483242989074902, 0.000247321309998938, 0.0002471177008634001, 0.0011759702368654285]}, "46": {"synapse": {"U": 0.515322324192219, "tauR": 0.4667478655641381, "tauF": 0.06367834506247638, "tau": 0.06987956100971543, "cond": 0.02128153882831634}, "surrogatePeaks": [0.0007886132162812391, 0.0004978313240849708, 0.00033423248152378234, 0.00024223046762077098, 0.00019049189783757167, 0.00016139601732764419, 0.00014503355763470418, 0.00013583190838020777, 0.00044223702231232495], "fittedPeaks": [0.0008010013798242094, 0.000499303369233775, 0.00024029966438325612, 0.00015175069089611026, 0.00013243660160407178, 0.00013194370311504777, 0.0001345160241528337, 0.00013651587911223118, 0.0005400360785936115]}}