{
    "TegnerRun_benchmark-250000-neurons-1-nodes": {
        "init": [
            [
                0.15047670900821686,
                1
            ]
        ],
        "place": [
            [
                246.6549773439765,
                24
            ]
        ],
        "detect": [
            [
                9162.25795781985,
                24
            ]
        ],
        "prune": [
            [
                7718.353927936405,
                24
            ]
        ]
    }
}