{
  "p31916918": {
    "m27aed108": {
      "current": [
        3.3418275862068963e-10,
        3.5487241379310346e-10,
        3.7556206896551724e-10,
        3.96251724137931e-10,
        4.1694137931034484e-10,
        4.3763103448275856e-10,
        4.5832068965517244e-10,
        4.790103448275863e-10,
        4.996999999999999e-10
      ],
      "frequency": [
        4.106776180701887,
        11.454753722792356,
        17.152658662088726,
        22.22222222221717,
        26.881720430101414,
        31.05590062111095,
        34.965034965027016,
        38.75968992247181,
        42.01680672267952
      ]
    },
    "m2a6ab0d6": {
      "current": [
        3.3418275862068963e-10,
        3.5487241379310346e-10,
        3.7556206896551724e-10,
        3.96251724137931e-10,
        4.1694137931034484e-10,
        4.3763103448275856e-10,
        4.5832068965517244e-10,
        4.790103448275863e-10,
        4.996999999999999e-10
      ],
      "frequency": [
        7.18390804597654,
        12.936610608017757,
        17.985611510787276,
        22.62443438913513,
        26.881720430101414,
        30.959752321974385,
        34.84320557490497,
        38.46153846152971,
        41.841004184090906
      ]
    },
    "m48f576bb": {
      "current": [
        3.5487241379310346e-10,
        3.7556206896551724e-10,
        3.96251724137931e-10,
        4.1694137931034484e-10,
        4.3763103448275856e-10,
        4.5832068965517244e-10,
        4.790103448275863e-10,
        4.996999999999999e-10
      ],
      "frequency": [
        9.174311926607285,
        15.873015873012264,
        21.45922746780628,
        26.24671916009902,
        30.674846625759898,
        34.84320557490497,
        38.61003861002983,
        42.19409282699463
      ]
    },
    "m868d56db": {
      "current": [
        3.96251724137931e-10,
        4.1694137931034484e-10,
        4.3763103448275856e-10,
        4.5832068965517244e-10,
        4.790103448275863e-10,
        4.996999999999999e-10
      ],
      "frequency": [
        11.933174224354529,
        19.267822736026446,
        25.25252525251951,
        30.39513677810859,
        34.965034965027016,
        38.910505836567026
      ]
    },
    "m9d1605c7": {
      "current": [
        4.1694137931034484e-10,
        4.3763103448275856e-10,
        4.5832068965517244e-10,
        4.790103448275863e-10,
        4.996999999999999e-10
      ],
      "frequency": [
        12.578616352212698,
        20.325203252027897,
        26.525198938986012,
        31.249999999992895,
        35.842293906801885
      ]
    },
    "ma88f99b9": {
      "current": [
        3.7556206896551724e-10,
        3.96251724137931e-10,
        4.1694137931034484e-10,
        4.3763103448275856e-10,
        4.5832068965517244e-10,
        4.790103448275863e-10,
        4.996999999999999e-10
      ],
      "frequency": [
        10.940919037206925,
        18.115942028981387,
        23.866348448681926,
        28.901734104039672,
        33.4448160535041,
        37.593984962397464,
        41.32231404957738
      ]
    },
    "macdedfff": {
      "current": [
        3.5487241379310346e-10,
        3.7556206896551724e-10,
        3.96251724137931e-10,
        4.1694137931034484e-10,
        4.3763103448275856e-10,
        4.5832068965517244e-10,
        4.790103448275863e-10,
        4.996999999999999e-10
      ],
      "frequency": [
        5.243838489779284,
        13.736263736260613,
        19.960079840314823,
        25.18891687656858,
        29.940119760472236,
        34.246575342457966,
        38.02281368820428,
        41.841004184090906
      ]
    },
    "meffc0dfa": {
      "current": [
        3.96251724137931e-10,
        4.1694137931034484e-10,
        4.3763103448275856e-10,
        4.5832068965517244e-10,
        4.790103448275863e-10,
        4.996999999999999e-10
      ],
      "frequency": [
        15.384615384611887,
        21.881838074393276,
        27.322404371578486,
        31.948881789130116,
        36.363636363628096,
        40.48582995950496
      ]
    },
    "mf0a83676": {
      "current": [
        4.1694137931034484e-10,
        4.3763103448275856e-10,
        4.5832068965517244e-10,
        4.790103448275863e-10,
        4.996999999999999e-10
      ],
      "frequency": [
        16.474464579897408,
        22.883295194502807,
        28.571428571422075,
        33.22259136211869,
        37.73584905659519
      ]
    }
  },
  "p6eb0c221": {
    "m27aed108": {
      "current": [
        3.3418275862068963e-10,
        3.5487241379310346e-10,
        3.7556206896551724e-10,
        3.96251724137931e-10,
        4.1694137931034484e-10,
        4.3763103448275856e-10,
        4.5832068965517244e-10,
        4.790103448275863e-10,
        4.996999999999999e-10
      ],
      "frequency": [
        11.560693641615869,
        18.34862385320684,
        24.21307506052718,
        29.411764705875665,
        34.01360544216914,
        38.61003861002983,
        42.553191489352024,
        46.51162790696617,
        49.99999999998863
      ]
    },
    "m2a6ab0d6": {
      "current": [
        3.1349310344827586e-10,
        3.3418275862068963e-10,
        3.5487241379310346e-10,
        3.7556206896551724e-10,
        3.96251724137931e-10,
        4.1694137931034484e-10,
        4.3763103448275856e-10,
        4.5832068965517244e-10,
        4.790103448275863e-10,
        4.996999999999999e-10
      ],
      "frequency": [
        9.560229445504518,
        15.974440894565058,
        21.645021645016723,
        26.737967914432424,
        31.446540880495995,
        35.842293906801885,
        39.999999999990905,
        44.052863436113334,
        47.61904761903679,
        51.282051282039625
      ]
    },
    "m48f576bb": {
      "current": [
        3.3418275862068963e-10,
        3.5487241379310346e-10,
        3.7556206896551724e-10,
        3.96251724137931e-10,
        4.1694137931034484e-10,
        4.3763103448275856e-10,
        4.5832068965517244e-10,
        4.790103448275863e-10,
        4.996999999999999e-10
      ],
      "frequency": [
        4.490345756627344,
        13.966480446924198,
        20.920502092045453,
        26.737967914432424,
        32.05128205127476,
        36.76470588234458,
        40.98360655736773,
        45.045045045034804,
        49.01960784312611
      ]
    },
    "m868d56db": {
      "current": [
        4.1694137931034484e-10,
        4.3763103448275856e-10,
        4.5832068965517244e-10,
        4.790103448275863e-10,
        4.996999999999999e-10
      ],
      "frequency": [
        15.79778830963306,
        23.696682464449587,
        29.940119760472236,
        35.33568904592836,
        40.48582995950496
      ]
    },
    "m9d1605c7": {
      "current": [
        4.3763103448275856e-10,
        4.5832068965517244e-10,
        4.790103448275863e-10,
        4.996999999999999e-10
      ],
      "frequency": [
        12.0192307692417,
        21.05263157894258,
        28.089887640443052,
        34.01360544216914
      ]
    },
    "ma88f99b9": {
      "current": [
        3.7556206896551724e-10,
        3.96251724137931e-10,
        4.1694137931034484e-10,
        4.3763103448275856e-10,
        4.5832068965517244e-10,
        4.790103448275863e-10,
        4.996999999999999e-10
      ],
      "frequency": [
        10.245901639353582,
        19.01140684410214,
        25.83979328164787,
        31.347962382438013,
        36.76470588234458,
        41.32231404957738,
        45.662100456610624
      ]
    },
    "macdedfff": {
      "current": [
        3.5487241379310346e-10,
        3.7556206896551724e-10,
        3.96251724137931e-10,
        4.1694137931034484e-10,
        4.3763103448275856e-10,
        4.5832068965517244e-10,
        4.790103448275863e-10,
        4.996999999999999e-10
      ],