{
  "M1RH_UP6_MSN6D2_CC_GBZH20": {
    "U": 0.09991739197075575,
    "tauR": 1.428354344582063,
    "tauF": 0.01584181389925676,
    "tau": 1.1575903529764309,
    "expdata": {
      "time": [
        0.1062,
        0.1554,
        0.20620000000000002,
        0.2558,
        0.30660000000000004,
        0.3562,
        0.40640000000000004,
        0.45680000000000004,
        1.0064
      ],
      "amplitude": [
        0.002446591854095459,
        0.0019396255856420491,
        0.0018980768741993503,
        0.0020915606291356803,
        0.001901664444334511,
        0.002043165308441161,
        0.0017699273288095674,
        0.0017625400399179786,
        0.0008185108868931229
      ]
    }
  },
  "M1RH_UP10_MSN10D2_CC_GBZH20": {
    "U": 0.11862589954420844,
    "tauR": 1.6694037537277924,
    "tauF": 0.03678337163861705,
    "tau": 0.36302570172634263,
    "expdata": {
      "time": [
        0.1062,
        0.1562,
        0.2068,
        0.25680000000000003,
        0.3068,
        0.3568,
        0.4072,
        0.457,
        1.0072
      ],
      "amplitude": [
        0.006905287504196167,
        0.0067036922446939845,
        0.006611305609012588,
        0.005493947916479253,
        0.005348230774326668,
        0.004731064611400437,
        0.003764811499509191,
        0.003221113573306192,
        0.0026313498081072806
      ]
    }
  },
  "M1RH_UP13_MSN4D2_CC_GBZH20": {
    "U": 0.10436219671835087,
    "tauR": 0.6829355625170733,
    "tauF": 0.006697386696078117,
    "tau": 0.41078923818347285,
    "expdata": {
      "time": [
        0.108,
        0.158,
        0.20800000000000002,
        0.258,
        0.308,
        0.3582,
        0.4082,
        0.45840000000000003,
        1.0082
      ],
      "amplitude": [
        0.003014601767063141,
        0.0025397540977370736,
        0.0027421979108849803,
        0.0022510580615004716,
        0.00210044054190886,
        0.0020034494926867846,
        0.001745476418485506,
        0.0023842484063166525,
        0.0018575478247521982
      ]
    }
  },
  "M1RH_UP22_MSN6D2_CC_GBZH20": {
    "U": 0.0795238330054575,
    "tauR": 1.7937420328181692,
    "tauF": 0.05963267958716963,
    "tau": 0.34635904511332555,
    "expdata": {
      "time": [
        0.10740000000000001,
        0.157,
        0.20720000000000002,
        0.2574,
        0.3074,
        0.3574,
        0.40740000000000004,
        0.45780000000000004,
        1.0076
      ],
      "amplitude": [
        0.004334509372711182,
        0.0041867981190945175,
        0.004260350865550919,
        0.003749257420579813,
        0.005070909009967636,
        0.004713860748326998,
        0.003829619923053945,
        0.0038739174574596164,
        0.0020840276657350387
      ]
    }
  },
  "M1RH_UP24_MSN8D2_CC_GBZH20": {
    "U": 0.12351177508909927,
    "tauR": 1.8710123939195236,
    "tauF": 0.06575304570921062,
    "tau": 0.01907024832448014,
    "expdata": {
      "time": [
        0.1072,
        0.1574,
        0.2076,
        0.258,
        0.30820000000000003,
        0.35900000000000004,
        0.40800000000000003,
        0.4586,
        1.0084
      ],
      "amplitude": [
        0.0067584216594696045,
        0.006010028668798906,
        0.0072017657498158055,
        0.0069471915303882525,
        0.0059045606513727505,
        0.00486422390136057,
        0.004607261584981245,
        0.0038557725305981977,
        0.002933331808252268
      ]
    }
  },
  "M1RH_UP28_MSN12D2_CC_GBZH20": {
    "U": 0.08580748437913312,
    "tauR": 1.8662647065954607,
    "tauF": 0.05638215557993537,
    "tau": 0.9065040758030793,
    "expdata": {
      "time": [
        0.1068,
        0.15760000000000002,
        0.20700000000000002,
        0.2574,
        0.30760000000000004,
        0.3574,
        0.4078,
        0.45740000000000003,
        1.0076
      ],
      "amplitude": [
        0.0026949793100357056,
        0.0023286653327345558,
        0.002723964645639468,
        0.0029698030046460683,
        0.002776711373385074,
        0.0024020630954448424,
        0.002484520052416825,
        0.0021259803375804076,
        0.001113145622638534
      ]
    }
  },
  "M1RH_UP84_MSN7D2_CC_GBZH20": {
    "U": 0.15764055562482696,
    "tauR": 1.0263395420378947,
    "tauF": 0.0007561537458461286,
    "tau": 0.44640544856834224,
    "expdata": {
      "time": [
        0.109,
        0.158,
        0.20800000000000002,
        0.2576,
        0.3084,
        0.35800000000000004,
        0.40900000000000003,
        0.4586,
        1.0094
      ],
      "amplitude": [
        0.0035311132669448853,
        0.002010095710418547,
        0.0021291931914890483,
        0.0019880050284977607,
        0.001724096436155717,
        0.0018651832628449327,
        0.0019001804760951924,
        0.0018690472505258071,
        0.001835093931094267
      ]
    }
  },
  "M1RH_UP86_MSN9D2_CC_GBZH20": {
    "U": 0.4194309005504216,
    "tauR": 0.004097792789608003,
    "tauF": 0.029013783178161563,
    "tau": 0.000600162559755573,
    "expdata": {
      "time": [
        0.10740000000000001,
        0.157,
        0.2066,
        0.2574,
        0.30720000000000003,
        0.35800000000000004,
        0.4078,
        0.45740000000000003,
        1.008
      ],
      "amplitude": [
        0.0019809678196907043,
        0.0016253745600725705,
        0.002118212572475228,
        0.0020977819586924518,
        0.0022661443299850648,
        0.002163655132875031,
        0.0022062421137746535,
        0.0020263345602048177,
        0.001883176524244426
      ]
    }
  },
  "M1RH_UP187_MSN9D2_CC_GBZH20": {
    "U": 0.13581037430894366,
    "tauR": 1.5730101936975045,
    "tauF": 0.061584680010827356,
    "tau": 0.06653810039477316,
    "expdata": {
      "time": [
        0.1076,
        0.1574,
        0.2074,
        0.2574,
        0.3074,
        0.3572,
        0.4076,
        0.4576,
        1.0076
      ],
      "amplitude": [
        0.006448149681091309,
        0.007156760609944787,
        0.006220552591557349,
        0.005686496546064984,
        0.005050401414781455,
        0.004897761845549145,
        0.004540157557006999,
        0.003952618046670742,
        0.002797411506071823
      ]
    }
  },
  "M1RH_UP195_MSN17D2_CC_GBZH20": {
    "U": 0.05701381738573048,
    "tauR": 1.8564841210759098,
    "tauF": 0.22160589861895677,
    "tau": 0.7938587853765532,
    "expdata": {
      "time": [
        0.10640000000000001,
        0.156,
        0.2058,
        0.256,
        0.306,
        0.35600000000000004,
        0.4058,
        0.456,
        1.0058
      ],
      "amplitude": [
        0.000917389988899231,
        0.001519770848887464,
        0.0015897252385587562,
        0.001677857795028742,
        0.0013765621646134735,
        0.0012402860817238293,
        0.00123029483977731,
        0.0011325680549610084,
        0.0004014653119560341
      ]
    }
  },
  "M1RH_UP335_MSN3D2_CC_GBZH20": {
    "U": 0.9007595160678327,
    "tauR": 0.12027964733281128,
    "tauF": 0.3221377000665881,
    "tau": 0.07226025799292533,
    "expdata": {
      "time": [
        0.113,
        0.161,
        0.2132,
        0.2622,
        0.313,
        0.36200000000000004,
        0.4132,
        0.463,
        1.0144
      ],
      "amplitude": [
        0.005081184208393097,
        0.001174298817000971,
        0.0010780981566470144,
        0.0017273104670655348,
        0.0015985635184060931,
        0.0014066829407625991,
        0.00147824950756624,
        0.0013630428288446822,
        0.005094388706362363
      ]
    }
  },
  "M1RH_UP336_MSN3D2_CC_GBZH20": {
    "U": 0.9393259069802509,
    "tauR": 0.17207642435511944,
    "tauF": 0.9786833284641442,
    "tau": 0.1290369059504374,
    "expdata": {
      "time": [
        0.113,
        0.161,
        0.2132,
        0.2622,
        0.313,
        0.36200000000000004,
        0.4132,
        0.463,
        1.0144
      ],