{
  "II_hp080926cell3_non3_non1mean": {
    "U": 0.7606361914767263,
    "tauR": 0.10153393592590938,
    "tauF": 0.8708304002727045,
    "tau": 0.04400655646761277,
    "expdata": {
      "time": [
        0.1161,
        0.1609,
        0.21209999999999998,
        0.2631,
        0.3111,
        0.3605,
        0.4115,
        0.46099999999999997,
        1.0151
      ],
      "amplitude": [
        0.0017950843620689605,
        0.0007927340181971693,
        0.0006183586737943947,
        0.0008431709948310273,
        0.0006587830467217615,
        0.0006564299674783197,
        0.0006353437602730078,
        0.0007985937413091115,
        0.0020587876088793977
      ]
    }
  },
  "II_hp090114cells3_mean34": {
    "U": 0.34562810879653905,
    "tauR": 0.04996859231420641,
    "tauF": 1.9999101435978917,
    "tau": 0.04909246001515938,
    "expdata": {
      "time": [
        0.1093,
        0.15999999999999998,
        0.2183,
        0.26039999999999996,
        0.30879999999999996,
        0.3596,
        0.40819999999999995,
        0.4593,
        1.0083
      ],
      "amplitude": [
        0.00026271914076782255,
        0.00016031859499028578,
        0.0001983603088105551,
        0.00023803525628261768,
        0.00035535098706793167,
        0.00021174588462849475,
        0.00032317285912968063,
        0.00043952129212510016,
        0.0006237588420523466
      ]
    }
  },
  "II_hp090811cells2_non4non1": {
    "U": 0.764482838638526,
    "tauR": 0.0409806888663321,
    "tauF": 1.5263845558906717,
    "tau": 0.010514927641595784,
    "expdata": {
      "time": [
        0.10749999999999998,
        0.15639999999999998,
        0.21,
        0.25999999999999995,
        0.3081,
        0.35969999999999996,
        0.40869999999999995,
        0.4579,
        1.0099
      ],
      "amplitude": [
        0.00019332617100371874,
        0.0001513189823919292,
        0.00019829455053180234,
        0.0001578484504569655,
        0.00021957142804412966,
        0.00011396703563128219,
        0.0001830162428191895,
        0.00010563554667057662,
        0.00023505278492937098
      ]
    }
  },
  "II_hp090811cells2_non2non1": {
    "U": 0.16527011536260802,
    "tauR": 0.43322912963755694,
    "tauF": 0.00016699592920311156,
    "tau": 0.012709100363697658,
    "expdata": {
      "time": [
        0.1108,
        0.1518,
        0.21989999999999998,
        0.25179999999999997,
        0.30179999999999996,
        0.35179999999999995,
        0.4018,
        0.4518,
        1.0202
      ],
      "amplitude": [
        0.00021836413357401163,
        0.00011819644596003376,
        8.48042956953926e-05,
        0.00019561142529470055,
        0.00011472824865851883,
        0.0001259597103196175,
        0.0001204188512685389,
        0.0001457373289229652,
        0.00017998956060047422
      ]
    }
  },
  "II_hp090817cells2mean13": {
    "U": 0.5504113432695258,
    "tauR": 0.035706016635495524,
    "tauF": 1.0800446421641554,
    "tau": 0.020975401045088837,
    "expdata": {
      "time": [
        0.10729999999999999,
        0.1631,
        0.20879999999999999,
        0.2581,
        0.3096,
        0.35829999999999995,
        0.40959999999999996,
        0.4573,
        1.0554999999999999
      ],
      "amplitude": [
        0.0003275731098696527,
        0.0003075771657746751,
        0.0003641448305039263,
        0.0002948185191595232,
        0.0002735287036899764,
        0.00021680495840098457,
        0.0004669671382236118,
        0.0004965307677588238,
        0.00047732738528763474
      ]
    }
  }
}