{
  "ID_g070615_conn24_nonlab": {
    "U": 0.6838248300883067,
    "tauR": 0.06762190731043144,
    "tauF": 0.23342931230195052,
    "tau": 0.02751367539756644,
    "expdata": {
      "time": [
        0.10569999999999999,
        0.15519999999999998,
        0.20509999999999998,
        0.2547,
        0.30579999999999996,
        0.35769999999999996,
        0.40619999999999995,
        0.45409999999999995,
        1.0063
      ],
      "amplitude": [
        0.00036193623106060835,
        0.00024144579924614828,
        0.00020114611994744014,
        0.0001965026803990716,
        0.0002267625653108868,
        0.00020010559491998037,
        0.0002397478379206064,
        0.0002417274240211209,
        0.00037573437173744895
      ]
    }
  },
  "ID_g071018_connmsn14_non_lab": {
    "U": 0.6324113607618637,
    "tauR": 0.38282028879161595,
    "tauF": 0.04744168638552334,
    "tau": 0.000176193260360013,
    "expdata": {
      "time": [
        0.11279999999999998,
        0.1684,
        0.20919999999999997,
        0.2719,
        0.31289999999999996,
        0.35979999999999995,
        0.41019999999999995,
        0.46369999999999995,
        1.027
      ],
      "amplitude": [
        0.0002925126950354545,
        0.00013917815226152652,
        6.0109166094085564e-05,
        6.0460617574836784e-05,
        7.142988451475096e-05,
        7.831514069771284e-05,
        4.6815321762053164e-05,
        9.851966007974611e-05,
        0.00022455043842481426
      ]
    }
  },
  "ID_hp090114cells3_mean32": {
    "U": 0.15465922440182048,
    "tauR": 0.0603670902271839,
    "tauF": 1.9999999999805589,
    "tau": 0.060355872617063024,
    "expdata": {
      "time": [
        0.11539999999999999,
        0.1571,
        0.2229,
        0.26199999999999996,
        0.31589999999999996,
        0.36039999999999994,
        0.40919999999999995,
        0.45899999999999996,
        1.011
      ],
      "amplitude": [
        0.0001275371057192498,
        0.00026934329082947683,
        8.837997882371607e-05,
        0.00019212762812390038,
        0.00014385327797680758,
        0.0003082958149674825,
        0.00027200366910752616,
        0.00030039430402491185,
        0.0005014167469316322
      ]
    }
  },
  "ID_hp090114cells3_mean42": {
    "U": 0.35306110174492,
    "tauR": 0.27162485803305075,
    "tauF": 0.009814539666887785,
    "tau": 0.018487443206066014,
    "expdata": {
      "time": [
        0.1123,
        0.15899999999999997,
        0.2123,
        0.2601,
        0.30979999999999996,
        0.36119999999999997,
        0.4104,
        0.4674,
        1.0119
      ],
      "amplitude": [
        0.001586308113879012,
        0.0010187467677726797,
        0.0008995212389572155,
        0.0008740641718972125,
        0.0005131031026037874,
        0.00037270214388462897,
        0.0007467891801634791,
        0.00046638399509883743,
        0.0014300690581216247
      ]
    }
  },
  "ID_hp090202cells1_non4_lab3": {
    "U": 0.44830868600975926,
    "tauR": 0.4764721542543275,
    "tauF": 0.0002815870341237995,
    "tau": 1.3021793901348192e-05,
    "expdata": {
      "time": [
        0.1084,
        0.16069999999999998,
        0.21319999999999997,
        0.2657,
        0.3015,
        0.36089999999999994,
        0.4094,
        0.46069999999999994,
        1.0110999999999999
      ],
      "amplitude": [
        0.000470084095940973,
        0.0002025348205980937,
        0.0001799646409366279,
        9.35104001982684e-05,
        0.00014946257763558124,
        0.00015826053242770644,
        0.00017630461327632074,
        0.000166522295695401,
        0.0003291591519500314
      ]
    }
  },
  "ID_hp090206cells2_non3_lab1": {
    "U": 0.5182816975567539,
    "tauR": 0.028178030061799874,
    "tauF": 1.837664878414487,
    "tau": 0.024581293993462778,
    "expdata": {
      "time": [
        0.10799999999999998,
        0.1591,
        0.20869999999999997,
        0.25799999999999995,
        0.30879999999999996,
        0.3591,
        0.40869999999999995,
        0.45859999999999995,
        1.008
      ],
      "amplitude": [
        0.0010024008518518535,
        0.001001010045606543,
        0.0009874047116743834,
        0.001374622985410509,
        0.0010931652976713807,
        0.001225245535112246,
        0.0012837618229437492,
        0.0012823987776715978,
        0.0016824219973718413
      ]
    }
  },
  "ID_hp090618cells1_non1_lab2": {
    "U": 0.8843105212055814,
    "tauR": 0.04816435507070985,
    "tauF": 0.05792262504024546,
    "tau": 0.03526088339439462,
    "expdata": {
      "time": [
        0.10729999999999999,
        0.15799999999999997,
        0.20029999999999998,
        0.2572,
        0.3107,
        0.35889999999999994,
        0.4089,
        0.4584,
        1.008
      ],
      "amplitude": [
        0.000242348696461836,
        0.00010141315925252248,
        8.78986702109591e-05,
        0.00012420325708786817,
        0.00013819230899933532,
        0.00011170862071618881,
        0.0001466352036045837,
        0.0001214592161367517,
        0.00021953620291269293
      ]
    }
  },
  "ID_hp090630cells1_non2_lab4b": {
    "U": 0.19573657712756845,
    "tauR": 0.2898072288781703,
    "tauF": 0.27251447531797623,
    "tau": 0.06561903805138636,
    "expdata": {
      "time": [
        0.11049999999999999,
        0.1591,
        0.2085,
        0.2593,
        0.3087,
        0.3574,
        0.4065,
        0.4568,
        1.0075999999999998
      ],
      "amplitude": [
        0.0003751947739602107,
        0.0006432321846773781,
        0.00046095717220016874,
        0.0003013916753869944,
        0.00023232454445137884,
        0.000270850744576015,
        0.00039448202302180824,
        0.000124744143663591,
        0.0004185494914294152
      ]
    }
  }
}