{
  "S1_UP4_FS5_CC_GBZH20": {
    "U": 0.16186723577559284,
    "tauR": 0.8413987767820847,
    "tauF": 0.030485965750944557,
    "tau": 0.7616515723243188,
    "expdata": {
      "time": [
        0.1056,
        0.1562,
        0.20620000000000002,
        0.2564,
        0.3068,
        0.3574,
        0.40640000000000004,
        0.45780000000000004,
        1.0068000000000001
      ],
      "amplitude": [
        0.002791658043861389,
        0.0022429043354046246,
        0.002737685626625533,
        0.0023816517921209784,
        0.0014539026925694115,
        0.001422551164510552,
        0.0011269856721114607,
        0.0010335057674532855,
        0.001302512974698744
      ]
    }
  },
  "S1_UP6_FS1_CC_GBZH20": {
    "U": 0.1875653346185894,
    "tauR": 1.1124160289631675,
    "tauF": 0.018907820491720684,
    "tau": 1.0691483928463648,
    "expdata": {
      "time": [
        0.1076,
        0.15760000000000002,
        0.2078,
        0.258,
        0.30820000000000003,
        0.3578,
        0.40800000000000003,
        0.4582,
        1.0084
      ],
      "amplitude": [
        0.028750021010637283,
        0.027576925673557184,
        0.018538571701035803,
        0.016164805553239847,
        0.013024086013637762,
        0.011511227814340677,
        0.012361742606364495,
        0.00806962514534787,
        0.009935779499892744
      ]
    }
  },
  "S1_UP7_FS3_CC_GBZH20": {
    "U": 0.11538321008436829,
    "tauR": 1.7450348327894203,
    "tauF": 0.10159977852035558,
    "tau": 0.31198742440696436,
    "expdata": {
      "time": [
        0.1066,
        0.15660000000000002,
        0.2068,
        0.25680000000000003,
        0.30660000000000004,
        0.35700000000000004,
        0.4068,
        0.45680000000000004,
        1.0074
      ],
      "amplitude": [
        0.017508506774902344,
        0.02195274074030691,
        0.017378456766865072,
        0.015974999802425796,
        0.015914457857298114,
        0.013158108215359551,
        0.012165119502934599,
        0.011231963974765322,
        0.006030378018402949
      ]
    }
  },
  "S1_UP8_FS4_CC_GBZH20": {
    "U": 0.10943417905846795,
    "tauR": 1.0768305173799293,
    "tauF": 0.05112185186653036,
    "tau": 0.8698079569610571,
    "expdata": {
      "time": [
        0.10640000000000001,
        0.156,
        0.20620000000000002,
        0.2564,
        0.3064,
        0.3568,
        0.4066,
        0.45640000000000003,
        1.006
      ],
      "amplitude": [
        0.015519097447395325,
        0.01705562521718655,
        0.01653840391597146,
        0.012119660210053798,
        0.010972544027386053,
        0.010321864172352091,
        0.009730124519252162,
        0.008326808131629934,
        0.005003778472724596
      ]
    }
  },
  "S1_UP13_FS4_CC_GBZH20": {
    "U": 0.13627928890321625,
    "tauR": 1.2260577934908614,
    "tauF": 0.03099765485559426,
    "tau": 0.584889941541063,
    "expdata": {
      "time": [
        0.1076,
        0.1572,
        0.2078,
        0.25780000000000003,
        0.308,
        0.3578,
        0.40840000000000004,
        0.4592,
        1.0078
      ],
      "amplitude": [
        0.0204082652926445,
        0.02030172398660826,
        0.01722589408258436,
        0.016430007805159144,
        0.012843789658879987,
        0.012479044478934345,
        0.010637956481457655,
        0.006938774053541541,
        0.009432172151936313
      ]
    }
  },
  "S1_UP17_FS3_CC_GBZH20": {
    "U": 0.20550978320226818,
    "tauR": 1.4701668823071827,
    "tauF": 0.0016736437026190838,
    "tau": 0.6215786918844031,
    "expdata": {
      "time": [
        0.1102,
        0.1574,
        0.2078,
        0.2594,
        0.3106,
        0.3614,
        0.40940000000000004,
        0.4622,
        1.0098
      ],
      "amplitude": [
        0.002789698541164398,
        0.0018984645002622647,
        0.0021567540102744864,
        0.0016248598063355463,
        0.0013795238832863543,
        0.0012224101810586196,
        0.0006274013287353997,
        0.0004035219000982221,
        0.0010061418084462426
      ]
    }
  },
  "S1_UP18_FS1_CC_GBZH20": {
    "U": 0.251065300932974,
    "tauR": 1.4764156966744275,
    "tauF": 0.0015610873146253623,
    "tau": 1.0739079865551804,
    "expdata": {
      "time": [
        0.10540000000000001,
        0.1552,
        0.2058,
        0.256,
        0.3054,
        0.35660000000000003,
        0.4068,
        0.456,
        1.006
      ],
      "amplitude": [
        0.008975453674793243,
        0.005311183176300027,
        0.004603383628169311,
        0.0036923767036710214,
        0.003774402331552712,
        0.0027522631996705904,
        0.0026318872250915143,
        0.002408211869252372,
        0.0022213433046565367
      ]
    }
  },
  "S1_UP21_FS4_CC_GBZH20": {
    "U": 0.15364078032075676,
    "tauR": 1.6273477777994279,
    "tauF": 0.03551673345070192,
    "tau": 1.2332749204284565,
    "expdata": {
      "time": [
        0.10640000000000001,
        0.1568,
        0.2074,
        0.25720000000000004,
        0.3074,
        0.3578,
        0.4076,
        0.4576,
        1.0078
      ],
      "amplitude": [
        0.005942739546298981,
        0.0054022810372007235,
        0.005033987554546954,
        0.0046410068172850205,
        0.00371127198288429,
        0.003174232390370832,
        0.0024867651387292106,
        0.0025446760267351654,
        0.0015627684382329698
      ]
    }
  },
  "S1_UP27_FS7_CC_GBZH20": {
    "U": 0.05726691084571893,
    "tauR": 1.4668591396738166,
    "tauF": 0.12107249254687485,
    "tau": 0.002980728335738671,
    "expdata": {
      "time": [
        0.1086,
        0.1584,
        0.20900000000000002,
        0.259,
        0.3094,
        0.3602,
        0.4098,
        0.45980000000000004,
        1.0108000000000001
      ],
      "amplitude": [
        0.01132247969508171,
        0.017869270347442442,
        0.02152024232122847,
        0.014682883695605484,
        0.01466367290395354,
        0.013426435264803194,
        0.017069278813143088,
        0.01433993827937434,
        0.0069432998080626585
      ]
    }
  },
  "S1_UP35_FS2_CC_GBZH20": {
    "U": 0.23164344333926384,
    "tauR": 0.9055266228026921,
    "tauF": 0.0049405340690124085,
    "tau": 0.6363622289975495,
    "expdata": {
      "time": [
        0.10940000000000001,
        0.1588,
        0.21000000000000002,
        0.259,
        0.309,
        0.36000000000000004,
        0.4112,
        0.46080000000000004,
        1.0096
      ],
      "amplitude": [
        0.0042758509516716,
        0.002715552526914383,
        0.001960553992205724,
        0.002141827787476444,
        0.0016064350577976727,
        0.0014546750091507799,
        0.0015671346992136986,
        0.0016805602549835874,
        0.0016923709514095608
      ]
    }
  },
  "S1_UP38_FS5_CC_GBZH20": {
    "U": 0.1353885812020394,
    "tauR": 0.7786677672177015,
    "tauF": 0.1728955987412204,
    "tau": 0.11663430668978825,
    "expdata": {
      "time": [
        0.1082,
        0.1582,
        0.2084,
        0.2604,
        0.309,
        0.35860000000000003,
        0.4082,
        0.45940000000000003,
        1.0092
      ],
      "amplitude": [
        0.0030745938420295715,
        0.003916717368624201,
        0.004689293887173027,
        0.0028985088086189575,
        0.002867838996956168,
        0.0021296341009741787,
        0.0018410545338715945,
        0.001735309154258624,
        0.001890383822929692
      ]
    }
  },
  "S1_UP42_FS6_CC_GBZH20": {
    "U": 0.1327556665202894,
    "tauR": 1.0916416425832602,
    "tauF": 0.051257320964444304,
    "tau": 0.006432321436473753,
    "expdata": {
      "time": [
        0.10500000000000001,
        0.155,
        0.20520000000000002,
        0.25520000000000004,
        0.3054,
        0.3554,
        0.40540000000000004,
        0.4556,
        1.0050000000000001
      ],