{
  "S1_UP76_MSN3D1_CC_GBZH20": {
    "U": 0.20275483723716262,
    "tauR": 1.1475564784928982,
    "tauF": 0.003122259303909173,
    "tau": 0.020949208397020334,
    "expdata": {
      "time": [
        0.108,
        0.1582,
        0.2084,
        0.2616,
        0.30920000000000003,
        0.3602,
        0.4088,
        0.4596,
        1.0084
      ],
      "amplitude": [
        0.0024901703000068665,
        0.002816457749640733,
        0.0015556150254479595,
        0.0013128144228186922,
        0.0016575012989304,
        0.00083102373154198,
        0.0008511033691220443,
        0.0010830576825854171,
        0.0015180532857019813
      ]
    }
  },
  "S1_UP79_MSN9D1_CC_GBZH20": {
    "U": 0.2354490786192338,
    "tauR": 0.24091275782911453,
    "tauF": 0.021731521975762988,
    "tau": 0.16018835370323212,
    "expdata": {
      "time": [
        0.1102,
        0.16,
        0.2088,
        0.2592,
        0.3098,
        0.36100000000000004,
        0.4086,
        0.45980000000000004,
        1.0092
      ],
      "amplitude": [
        0.002310100942850113,
        0.0018681351316080785,
        0.0017599970782702784,
        0.0012122447742914239,
        0.001125241360614572,
        0.000978589717729586,
        0.0009076055561693941,
        0.0010279228028617499,
        0.0020684873339643917
      ]
    }
  },
  "S1_UP81_MSN2D1_CC_GBZH20": {
    "U": 0.15868267040837902,
    "tauR": 1.8422418145319102,
    "tauF": 0.007234647386264573,
    "tau": 0.16005443240025138,
    "expdata": {
      "time": [
        0.10980000000000001,
        0.159,
        0.2086,
        0.2602,
        0.307,
        0.35860000000000003,
        0.40800000000000003,
        0.4592,
        1.0102
      ],
      "amplitude": [
        0.0017096996307373047,
        0.001253388072339795,
        0.0009676079183485592,
        0.0005004934022815738,
        0.0010707964711873241,
        0.0008178921632313457,
        0.0012767632199046364,
        0.0007823015591817417,
        0.0008387431422601649
      ]
    }
  },
  "S1_UP82_MSN3D1_CC_GBZH20": {
    "U": 0.08061827585745311,
    "tauR": 1.5113614616741047,
    "tauF": 0.020197378478325013,
    "tau": 0.5747804846073296,
    "expdata": {
      "time": [
        0.1082,
        0.1578,
        0.20720000000000002,
        0.2584,
        0.3078,
        0.3574,
        0.4086,
        0.4582,
        1.0088000000000001
      ],
      "amplitude": [
        0.00309695303440094,
        0.002173268703184114,
        0.0021939150143091835,
        0.0024543884511543518,
        0.0031561275551236084,
        0.0025721367112638838,
        0.0020850878659380567,
        0.00262912812896815,
        0.0018068854953748464
      ]
    }
  },
  "S1_UP89_MSN11D1_CC_GBZH20": {
    "U": 0.33602668990421025,
    "tauR": 0.8514776703152641,
    "tauF": 0.026529105617807604,
    "tau": 0.18451664174844795,
    "expdata": {
      "time": [
        0.10700000000000001,
        0.15660000000000002,
        0.2074,
        0.25720000000000004,
        0.30660000000000004,
        0.3578,
        0.40700000000000003,
        0.4566,
        1.0074
      ],
      "amplitude": [
        0.0027890950441360474,
        0.001876055885987396,
        0.0012690855367777226,
        0.0009051923854151989,
        0.0007859637758465543,
        0.0007971792504774533,
        0.00047700257195740225,
        0.0005073084193216587,
        0.0013686321943655183
      ]
    }
  },
  "S1_UP96_MSN9D1_CC_GBZH20": {
    "U": 0.11384269739548657,
    "tauR": 0.3979808085747862,
    "tauF": 0.037195969244629354,
    "tau": 0.1793388211617544,
    "expdata": {
      "time": [
        0.1078,
        0.15760000000000002,
        0.2066,
        0.25620000000000004,
        0.3064,
        0.3568,
        0.40640000000000004,
        0.45680000000000004,
        1.0066
      ],
      "amplitude": [
        0.008626125752925873,
        0.009265492195771635,
        0.008293342276426238,
        0.007657176212337621,
        0.006377407609624006,
        0.0068661713356631265,
        0.006038932229943922,
        0.006134218004436698,
        0.007040292864371356
      ]
    }
  },
  "S1_UP101_MSN3D1_CC_GBZH20": {
    "U": 0.1784870742783602,
    "tauR": 1.1674585606921908,
    "tauF": 0.01143389554775585,
    "tau": 0.9432025353131426,
    "expdata": {
      "time": [
        0.1078,
        0.1572,
        0.20800000000000002,
        0.25780000000000003,
        0.3078,
        0.3572,
        0.4072,
        0.4582,
        1.0078
      ],
      "amplitude": [
        0.006014138460159302,
        0.005527563878856459,
        0.00450005757481825,
        0.0032169686003875875,
        0.002577042188146736,
        0.0022069613760811457,
        0.002018488368574961,
        0.0017414675934690482,
        0.0021237368538437468
      ]
    }
  },
  "S1_UP185_MSN5D1_CC_GBZH20": {
    "U": 0.21651543345557905,
    "tauR": 1.2641890432039495,
    "tauF": 0.016315729180396237,
    "tau": 0.6470353115436757,
    "expdata": {
      "time": [
        0.1076,
        0.157,
        0.20720000000000002,
        0.25780000000000003,
        0.30760000000000004,
        0.3574,
        0.40740000000000004,
        0.4576,
        1.0084
      ],
      "amplitude": [
        0.0022988393902778625,
        0.0018675394824622105,
        0.0018637470376591248,
        0.0011498094115800217,
        0.0009926242820479936,
        0.0009278446306196786,
        0.0007303673726950927,
        0.0006535000685463227,
        0.0006935630590305664
      ]
    }
  },
  "S1_UP296_MSN3D1_CC_GBZH20": {
    "U": 0.10428794081693454,
    "tauR": 0.18409364153143717,
    "tauF": 0.06070658742777548,
    "tau": 0.1618356904211931,
    "expdata": {
      "time": [
        0.1066,
        0.1564,
        0.2064,
        0.2564,
        0.30660000000000004,
        0.35700000000000004,
        0.4066,
        0.457,
        1.0074
      ],
      "amplitude": [
        0.001908428966999054,
        0.0022071613059157363,
        0.0022816920607465624,
        0.0018759124507618796,
        0.002001247088195518,
        0.001563036344595134,
        0.0017439736032469205,
        0.0015129212360428662,
        0.0018234312115271156
      ]
    }
  },
  "S1_UP298_MSN7D1_CC_GBZH20": {
    "U": 0.16475422564856493,
    "tauR": 1.5403545008987796,
    "tauF": 0.030211087877585856,
    "tau": 0.7611780094138574,
    "expdata": {
      "time": [
        0.1066,
        0.157,
        0.20720000000000002,
        0.257,
        0.30720000000000003,
        0.3572,
        0.40700000000000003,
        0.4572,
        1.008
      ],
      "amplitude": [
        0.0044708251953125,
        0.004484854387036483,
        0.0037203057646205684,
        0.0032012895981013006,
        0.0017465415463400052,
        0.0018810179323895254,
        0.0020703484748166023,
        0.0018925082877097599,
        0.0015746987482379432
      ]
    }
  },
  "S1_UP299_MSN8D1_CC_GBZH20": {
    "U": 0.16118964208512537,
    "tauR": 0.8611918322556539,
    "tauF": 0.03938140634630543,
    "tau": 0.8109211668646692,
    "expdata": {
      "time": [
        0.1062,
        0.1574,
        0.2068,
        0.25680000000000003,
        0.30720000000000003,
        0.3572,
        0.4076,
        0.45680000000000004,
        1.0066
      ],
      "amplitude": [
        0.003608196973800659,
        0.0032970866043269126,
        0.0031203237515652626,
        0.002797406955902207,
        0.0019656085097324028,
        0.0018443012266023129,
        0.0016867637040857697,
        0.0014172679808053534,
        0.001386946245724427
      ]
    }
  },
  "S1_UP307_MSN5D1_CC_GBZH20": {
    "U": 0.1341766806213937,
    "tauR": 1.3504356845757068,
    "tauF": 0.009870467760672332,
    "tau": 1.187583505286354,