{
  "p185b99a1": {
    "m91d5391a": {
      "current": [
        3.250846153846154e-10,
        3.4559743589743583e-10,
        3.661102564102564e-10,
        3.8662307692307695e-10,
        4.071358974358974e-10,
        4.276487179487179e-10,
        4.481615384615385e-10,
        4.686743589743589e-10,
        4.891871794871794e-10,
        5.097e-10
      ],
      "frequency": [
        2.118644067798537,
        6.285355122562995,
        10.362694300515779,
        15.552099533433477,
        21.276595744676012,
        26.595744680845016,
        31.84713375795454,
        37.03703703702862,
        42.19409282699463,
        47.393364928899175
      ]
    },
    "m93f282f3": {
      "current": [
        3.4559743589743583e-10,
        3.661102564102564e-10,
        3.8662307692307695e-10,
        4.071358974358974e-10,
        4.276487179487179e-10,
        4.481615384615385e-10,
        4.686743589743589e-10,
        4.891871794871794e-10,
        5.097e-10
      ],
      "frequency": [
        4.472271914133265,
        8.0321285140544,
        12.987012987010035,
        18.38235294117229,
        24.096385542163194,
        29.411764705875665,
        34.965034965027016,
        40.48582995950496,
        45.662100456610624
      ]
    },
    "mdf60297d": {
      "current": [
        3.4559743589743583e-10,
        3.661102564102564e-10,
        3.8662307692307695e-10,
        4.071358974358974e-10,
        4.276487179487179e-10,
        4.481615384615385e-10,
        4.686743589743589e-10,
        4.891871794871794e-10,
        5.097e-10
      ],
      "frequency": [
        2.4254183846735615,
        6.329113924049194,
        10.427528675701486,
        15.974440894565058,
        21.59827213822403,
        27.322404371578486,
        33.003300330025496,
        38.910505836567026,
        44.24778761060941
      ]
    }
  },
  "pb267a31a": {
    "m01df38e6": {
      "current": [
        3.661102564102564e-10,
        3.8662307692307695e-10,
        4.071358974358974e-10,
        4.276487179487179e-10,
        4.481615384615385e-10,
        4.686743589743589e-10,
        4.891871794871794e-10,
        5.097e-10
      ],
      "frequency": [
        4.100041000411948,
        8.460236886630902,
        13.568521031204513,
        18.796992481198732,
        23.696682464449587,
        28.40909090908445,
        32.679738562084076,
        37.73584905659519
      ]
    },
    "m7721d5cf": {
      "current": [
        3.8662307692307695e-10,
        4.071358974358974e-10,
        4.276487179487179e-10,
        4.481615384615385e-10,
        4.686743589743589e-10,
        4.891871794871794e-10,
        5.097e-10
      ],
      "frequency": [
        6.09756097560837,
        10.845986984813152,
        16.02564102563738,
        21.05263157894258,
        25.906735751289446,
        30.58103975534473,
        35.842293906801885
      ]
    },
    "mf0350288": {
      "current": [
        3.8662307692307695e-10,
        4.071358974358974e-10,
        4.276487179487179e-10,
        4.481615384615385e-10,
        4.686743589743589e-10,
        4.891871794871794e-10,
        5.097e-10
      ],
      "frequency": [
        3.961965134709162,
        8.305647840529673,
        13.351134846458914,
        18.55287569572862,
        23.364485981303098,
        27.932960893848396,
        33.333333333325754
      ]
    }
  }
}