{
  "M1LH_UP2_FS3_CC_GBZH20": {
    "U": 0.05521868587341588,
    "tauR": 1.0626659746199267,
    "tauF": 0.09672741832995836,
    "tau": 0.35596381204757793,
    "expdata": {
      "time": [
        0.10500000000000001,
        0.1552,
        0.2054,
        0.2554,
        0.30560000000000004,
        0.3556,
        0.4056,
        0.45580000000000004,
        1.0052
      ],
      "amplitude": [
        0.004147764295339584,
        0.004957338326190788,
        0.0059889375343417095,
        0.005472857069616643,
        0.005180242552288938,
        0.005032586252919288,
        0.004838800721507025,
        0.00481932666032274,
        0.002415299727115572
      ]
    }
  },
  "M1LH_UP6_FS8_CC_GBZH20": {
    "U": 0.08091861838475445,
    "tauR": 1.394586547116617,
    "tauF": 0.03579627344750574,
    "tau": 0.7107889771237014,
    "expdata": {
      "time": [
        0.10500000000000001,
        0.15480000000000002,
        0.20500000000000002,
        0.255,
        0.305,
        0.3552,
        0.40540000000000004,
        0.4554,
        1.0050000000000001
      ],
      "amplitude": [
        0.005008772015571594,
        0.005407397902616198,
        0.0049324462096334565,
        0.004753270517872818,
        0.004076327589832368,
        0.0042297095719227434,
        0.003470630412522685,
        0.003777856434391366,
        0.002834145879722111
      ]
    }
  },
  "M1LH_UP8_FS10_CC_GBZH20": {
    "U": 0.056908325129971765,
    "tauR": 1.2179068850421226,
    "tauF": 0.06754509258233395,
    "tau": 0.4943468508080174,
    "expdata": {
      "time": [
        0.10640000000000001,
        0.1562,
        0.2064,
        0.2564,
        0.3068,
        0.35700000000000004,
        0.40700000000000003,
        0.457,
        1.0068000000000001
      ],
      "amplitude": [
        0.003807172179222107,
        0.003348454972648962,
        0.005031774337722075,
        0.005041064157177935,
        0.00433676380488654,
        0.004304425997550085,
        0.0037659235275759734,
        0.003900899138205474,
        0.0019633286376103953
      ]
    }
  },
  "M1LH_UP9_FS11_CC_GBZH20": {
    "U": 0.05950016971348069,
    "tauR": 0.8128716359363002,
    "tauF": 0.0529580383153332,
    "tau": 0.5505437375623203,
    "expdata": {
      "time": [
        0.1048,
        0.1544,
        0.2046,
        0.2548,
        0.30460000000000004,
        0.35500000000000004,
        0.405,
        0.455,
        1.0046
      ],
      "amplitude": [
        0.0035789087414741516,
        0.003013218931333203,
        0.0037456949741847545,
        0.003782877505222354,
        0.003627230453995753,
        0.0038852487817270936,
        0.004314856519022844,
        0.003915932302511055,
        0.002028250902487816
      ]
    }
  },
  "M1LH_UP12_FS14_CC_GBZH20": {
    "U": 0.10468842250684236,
    "tauR": 1.029748505919813,
    "tauF": 0.06732031102752939,
    "tau": 0.826871589803587,
    "expdata": {
      "time": [
        0.10540000000000001,
        0.1552,
        0.2054,
        0.2558,
        0.30560000000000004,
        0.3556,
        0.4056,
        0.45580000000000004,
        1.0056
      ],
      "amplitude": [
        0.0043253228068351746,
        0.004567624129054523,
        0.004897504440728118,
        0.004325430142215175,
        0.004353614649515572,
        0.0030987471942279243,
        0.0030102475381994648,
        0.0028642761397508903,
        0.0017294684593617826
      ]
    }
  },
  "M1LH_UP61_FS6_CC_GBZH20": {
    "U": 0.048550071227730106,
    "tauR": 1.887577421150721,
    "tauF": 0.039977940428750885,
    "tau": 1.3420749087287733,
    "expdata": {
      "time": [
        0.10540000000000001,
        0.15560000000000002,
        0.2048,
        0.2554,
        0.3052,
        0.3552,
        0.405,
        0.4554,
        1.0068000000000001
      ],
      "amplitude": [
        0.0017140209674835205,
        0.0013178955328080333,
        0.0017263610447871697,
        0.0014471850771944211,
        0.0020503154772451015,
        0.001800308705696571,
        0.002195040772546286,
        0.001633163679599245,
        0.001081655243835855
      ]
    }
  },
  "M1LH_UP63_FS8_CC_GBZH20": {
    "U": 0.0733907703737726,
    "tauR": 0.2825082713907287,
    "tauF": 0.2487806645401237,
    "tau": 0.07033588877124788,
    "expdata": {
      "time": [
        0.1052,
        0.1552,
        0.2054,
        0.2558,
        0.306,
        0.3558,
        0.406,
        0.45640000000000003,
        1.0056
      ],
      "amplitude": [
        0.005294322967529297,
        0.008251650872009936,
        0.0083556175227118,
        0.009082197765440558,
        0.007584064661021128,
        0.008693526766834603,
        0.007764492646991306,
        0.007769583865803231,
        0.0061050757872511685
      ]
    }
  },
  "M1LH_UP64_FS9_CC_GBZH20": {
    "U": 0.05081451171223919,
    "tauR": 0.39930198411697715,
    "tauF": 0.13282158562867746,
    "tau": 0.1802317833497238,
    "expdata": {
      "time": [
        0.10500000000000001,
        0.1552,
        0.20520000000000002,
        0.2554,
        0.3054,
        0.3556,
        0.406,
        0.4554,
        1.0056
      ],
      "amplitude": [
        0.00339653342962265,
        0.005278372922412594,
        0.005399671608305998,
        0.00528567943839145,
        0.004573854724557513,
        0.004484722513025383,
        0.004847168191980736,
        0.004808814613555479,
        0.0031441045970652254
      ]
    }
  },
  "M1LH_UP97_FS12_CC_GBZH20": {
    "U": 0.0907514699938536,
    "tauR": 1.5829691207474732,
    "tauF": 0.04910481511004016,
    "tau": 0.4008877055556345,
    "expdata": {
      "time": [
        0.10540000000000001,
        0.155,
        0.2054,
        0.2554,
        0.3054,
        0.3554,
        0.40540000000000004,
        0.45520000000000005,
        1.0052
      ],
      "amplitude": [
        0.005896925926208496,
        0.005038863315960193,
        0.0058676887463740696,
        0.004728642670337138,
        0.005530023156459771,
        0.0053282693568425105,
        0.005078744769308377,
        0.005084674505210954,
        0.002694114988023119
      ]
    }
  },
  "M1LH_UP110_FS10_CC_GBZH20": {
    "U": 0.047351366088960026,
    "tauR": 1.827144171466421,
    "tauF": 0.0528967716150271,
    "tau": 1.7739297835321821,
    "expdata": {
      "time": [
        0.10400000000000001,
        0.154,
        0.2046,
        0.2544,
        0.3042,
        0.3544,
        0.40440000000000004,
        0.4544,
        1.0048000000000001
      ],
      "amplitude": [
        0.003319352865219116,
        0.003702950048722134,
        0.003473108639319031,
        0.0037816817854082058,
        0.004030687023960838,
        0.003631796636893364,
        0.0035273859623380643,
        0.003566257023796135,
        0.0020248254783756803
      ]
    }
  },
  "M1LH_UP111_FS2_CC_GBZH20": {
    "U": 0.21268035217046236,
    "tauR": 0.08827694246990908,
    "tauF": 0.1882440370488578,
    "tau": 0.06540842761573946,
    "expdata": {
      "time": [
        0.1056,
        0.1554,
        0.2054,
        0.2558,
        0.306,
        0.3562,
        0.4062,
        0.45640000000000003,
        1.006
      ],
      "amplitude": [
        0.005460701882839203,
        0.0069898515196619715,
        0.006444580234126113,
        0.005555928511701766,
        0.005425581925207326,
        0.006269901669305106,
        0.0056918076023012715,
        0.0053620379302404125,
        0.005038602360824179
      ]
    }
  },
  "M1LH_UP114_FS5_CC_GBZH20": {
    "U": 0.06562057525859462,
    "tauR": 0.3644995872027284,
    "tauF": 0.05113351461830918,
    "tau": 0.26464181982038293,
    "expdata": {
      "time": [
        0.10640000000000001,
        0.156,
        0.20620000000000002,
        0.25620000000000004,
        0.3068,
        0.3572,
        0.40700000000000003,
        0.457,
        1.0066
      ],