{
  "M1RH_UP38_FS2_CC_GBZH20": {
    "U": 0.062166652292476796,
    "tauR": 0.9660814006002415,
    "tauF": 0.248144717125594,
    "tau": 0.8552171125884264,
    "expdata": {
      "time": [
        0.10700000000000001,
        0.156,
        0.2066,
        0.25680000000000003,
        0.3068,
        0.3572,
        0.4072,
        0.4576,
        1.0072
      ],
      "amplitude": [
        0.016789082437753677,
        0.021345990655811345,
        0.023797063534518867,
        0.023525373663329463,
        0.02383111114225138,
        0.022247815135587892,
        0.020197207895223557,
        0.019306849588298355,
        0.010098382498065495
      ]
    }
  },
  "M1RH_UP54_FS10_CC_GBZH20": {
    "U": 0.1399407819435085,
    "tauR": 1.9061569547745587,
    "tauF": 0.1077918959677554,
    "tau": 1.3790920460328477,
    "expdata": {
      "time": [
        0.1058,
        0.156,
        0.20620000000000002,
        0.256,
        0.306,
        0.35660000000000003,
        0.40640000000000004,
        0.45580000000000004,
        1.0056
      ],
      "amplitude": [
        0.004011407494544983,
        0.005042691593461365,
        0.004730636691760659,
        0.003961491506910719,
        0.003681877529028321,
        0.002562800677675253,
        0.003205300925246665,
        0.0021259479200973486,
        0.0006343956267922113
      ]
    }
  },
  "M1RH_UP88_FS11_CC_GBZH20": {
    "U": 0.06375302928830218,
    "tauR": 1.0200482910318567,
    "tauF": 0.04345903795708522,
    "tau": 0.7952199909230705,
    "expdata": {
      "time": [
        0.1044,
        0.15460000000000002,
        0.2048,
        0.255,
        0.3048,
        0.3554,
        0.4052,
        0.4546,
        1.0044
      ],
      "amplitude": [
        0.0007198601961135864,
        0.0008522227990651887,
        0.0007818036299555575,
        0.0008808654886128947,
        0.0006210361656319718,
        0.0005382768857020576,
        0.0006751822847661099,
        0.0006072067173587131,
        0.00047736081712357326
      ]
    }
  },
  "M1RH_UP91_FS3_CC_GBZH20": {
    "U": 0.03881355378745076,
    "tauR": 1.021730832285931,
    "tauF": 0.0314694191299626,
    "tau": 0.2893068647857055,
    "expdata": {
      "time": [
        0.1056,
        0.158,
        0.2066,
        0.25620000000000004,
        0.30660000000000004,
        0.35660000000000003,
        0.40700000000000003,
        0.4566,
        1.006
      ],
      "amplitude": [
        0.00653751939535141,
        0.005042201370834776,
        0.0059109277026930945,
        0.006762582817226345,
        0.007295717302037277,
        0.007715382775243043,
        0.007051111744785635,
        0.007976817322683447,
        0.0038826985105719913
      ]
    }
  },
  "M1RH_UP151_FS14_CC_GBZH20": {
    "U": 0.08882204934408465,
    "tauR": 1.960284098013627,
    "tauF": 0.04031363302349182,
    "tau": 0.1333507587165766,
    "expdata": {
      "time": [
        0.10640000000000001,
        0.1562,
        0.20620000000000002,
        0.2564,
        0.3064,
        0.3568,
        0.4066,
        0.4562,
        1.0064
      ],
      "amplitude": [
        0.005955129861831665,
        0.004359918800417459,
        0.005691699346761503,
        0.005951741892742432,
        0.004728647318816059,
        0.005378041281765,
        0.004655139006601153,
        0.00497751486115644,
        0.003091854696298163
      ]
    }
  },
  "M1RH_UP153_FS2_CC_GBZH20": {
    "U": 0.08619871431968282,
    "tauR": 1.7913215601129775,
    "tauF": 0.0037499724200208903,
    "tau": 0.28727619233870055,
    "expdata": {
      "time": [
        0.1052,
        0.155,
        0.2056,
        0.2556,
        0.306,
        0.35600000000000004,
        0.4062,
        0.4562,
        1.0056
      ],
      "amplitude": [
        0.00525008887052536,
        0.0033009800540193257,
        0.004365334383631209,
        0.004667091259986586,
        0.004247358388521305,
        0.004046023474124971,
        0.0035293699161969144,
        0.003798493271829878,
        0.0031606017301206157
      ]
    }
  },
  "M1RH_UP156_FS5_CC_GBZH20": {
    "U": 0.08176454638534245,
    "tauR": 1.8396068148653555,
    "tauF": 0.012249312373057146,
    "tau": 1.5096394980638954,
    "expdata": {
      "time": [
        0.1062,
        0.156,
        0.20620000000000002,
        0.2558,
        0.3064,
        0.35700000000000004,
        0.4068,
        0.45680000000000004,
        1.0066
      ],
      "amplitude": [
        0.0017824545502662659,
        0.0011545214214237903,
        0.0012211067567670097,
        0.00118677141408996,
        0.0012998555718384264,
        0.001377612839195061,
        0.0012282738907593016,
        0.0011600288469613695,
        0.0008157674216208166
      ]
    }
  },
  "M1RH_UP157_FS6_CC_GBZH20": {
    "U": 0.11735193080842471,
    "tauR": 1.9266075444527069,
    "tauF": 0.029231669206203036,
    "tau": 1.7068249515310736,
    "expdata": {
      "time": [
        0.10500000000000001,
        0.155,
        0.20520000000000002,
        0.2554,
        0.30560000000000004,
        0.3558,
        0.4058,
        0.45580000000000004,
        1.0056
      ],
      "amplitude": [
        0.003081709146499634,
        0.0029823599720603527,
        0.002647445800993048,
        0.0027291061355676216,
        0.0021148978633020177,
        0.0017185147387209082,
        0.0017782657205694108,
        0.0015955138705630173,
        0.0012188252844488184
      ]
    }
  },
  "M1RH_UP161_FS10_CC_GBZH20": {
    "U": 0.16001931639261904,
    "tauR": 1.2180428985266942,
    "tauF": 0.00399314825990475,
    "tau": 0.9382769071481475,
    "expdata": {
      "time": [
        0.1046,
        0.155,
        0.2054,
        0.2556,
        0.306,
        0.35600000000000004,
        0.406,
        0.45640000000000003,
        1.0056
      ],
      "amplitude": [
        0.00502748042345047,
        0.004188572130519416,
        0.0033084723269527078,
        0.0027805765425668316,
        0.002401855595648858,
        0.0025241664669852365,
        0.0024276886012104953,
        0.002061481852906985,
        0.002096308200989938
      ]
    }
  },
  "M1RH_UP162_AFS11_CC_GBZH20": {
    "U": 0.19885089602063855,
    "tauR": 0.6873264353270647,
    "tauF": 0.08694048927827085,
    "tau": 0.5806349937580688,
    "expdata": {
      "time": [
        0.10540000000000001,
        0.1552,
        0.2054,
        0.2556,
        0.306,
        0.35600000000000004,
        0.4058,
        0.4562,
        1.0054
      ],
      "amplitude": [
        0.0038133040070533752,
        0.0043617411486773505,
        0.0035994360703407446,
        0.0026297062502334545,
        0.001879214648028163,
        0.0012777138042408265,
        0.0011281455285937353,
        0.0010226468191207039,
        0.0015496761989700902
      ]
    }
  },
  "M1RH_UP163_FS12_CC_GBZH20": {
    "U": 0.13729855713993952,
    "tauR": 1.5303376638860497,
    "tauF": 0.031506359019629414,
    "tau": 0.8006041586880156,
    "expdata": {
      "time": [
        0.10540000000000001,
        0.15560000000000002,
        0.2056,
        0.2556,
        0.30560000000000004,
        0.3554,
        0.4056,
        0.4556,
        1.0054
      ],
      "amplitude": [
        0.0043022409081459045,
        0.004403219696612698,
        0.0038295398529663155,
        0.003264474653063787,
        0.002510948753494016,
        0.002223568288154232,
        0.002206117890256168,
        0.0018298207536462802,
        0.0013743973825137978
      ]
    }
  },
  "M1RH_UP166_FS1_CC_GBZH20": {
    "U": 0.03357255584574661,
    "tauR": 1.8641233127774124,
    "tauF": 0.054863583847924925,
    "tau": 1.0658833144009727,
    "expdata": {
      "time": [
        0.10540000000000001,
        0.15560000000000002,
        0.20600000000000002,
        0.25620000000000004,
        0.3062,
        0.3556,
        0.4062,
        0.4562,
        1.006
      ],