{
  "S1_UP15_LTS1_CC_GBZH20": {
    "U": 0.27524736127575666,
    "tauR": 0.7787121238507555,
    "tauF": 0.00377681043032315,
    "tau": 0.42011935596383454,
    "expdata": {
      "time": [
        0.11320000000000001,
        0.166,
        0.21380000000000002,
        0.2622,
        0.3134,
        0.3648,
        0.4128,
        0.4656,
        1.0214
      ],
      "amplitude": [
        0.0024276599287986755,
        0.0010243958853606433,
        0.0007324994103587029,
        0.0012426950085528132,
        0.0010473159930896175,
        0.0007883986859371778,
        0.0008787770459665611,
        0.001181473809790598,
        0.0011825155458713432
      ]
    }
  },
  "S1_UP30_LTS5_CC_GBZH20": {
    "U": 0.21455060747472007,
    "tauR": 0.42814467009055573,
    "tauF": 0.2873745921960657,
    "tau": 0.07310118941140488,
    "expdata": {
      "time": [
        0.10880000000000001,
        0.162,
        0.2112,
        0.25880000000000003,
        0.30860000000000004,
        0.35960000000000003,
        0.4164,
        0.46040000000000003,
        1.0092
      ],
      "amplitude": [
        0.003421872854232788,
        0.004329744681652939,
        0.0027201493964221224,
        0.002892180493583238,
        0.0030883062028761316,
        0.0018659167316521785,
        0.001033689653933953,
        0.0013836801459359144,
        0.0033504800485104624
      ]
    }
  },
  "S1_UP56_LTS2_CC_GBZH20": {
    "U": 0.36362593783255176,
    "tauR": 0.7280579685981634,
    "tauF": 0.000866501895671317,
    "tau": 0.002138457702734559,
    "expdata": {
      "time": [
        0.1144,
        0.1622,
        0.2132,
        0.261,
        0.314,
        0.3634,
        0.4128,
        0.462,
        1.0150000000000001
      ],
      "amplitude": [
        0.0034121423959732056,
        0.0019628991482208563,
        0.0009623491300064652,
        0.0011951487175232145,
        0.001257874979002524,
        0.0012189992365754798,
        0.0013897507851740182,
        0.001507597289755233,
        0.002112994489454151
      ]
    }
  },
  "S1_UP168_LTS4_CC_GBZH20": {
    "U": 0.6664636110392944,
    "tauR": 0.06337216255976906,
    "tauF": 0.36390154253018964,
    "tau": 0.043146384349618594,
    "expdata": {
      "time": [
        0.1056,
        0.1552,
        0.20620000000000002,
        0.2564,
        0.3058,
        0.3562,
        0.40640000000000004,
        0.45640000000000003,
        1.0054
      ],
      "amplitude": [
        0.004101298749446869,
        0.0030697930196603995,
        0.0025133465008110867,
        0.002021854186568542,
        0.0025280480665555854,
        0.002323663670852266,
        0.0027094592292742914,
        0.0023651333417734205,
        0.0041476206799467424
      ]
    }
  },
  "S1_UP184_LTS4_CC_GBZH20": {
    "U": 0.22855121220964922,
    "tauR": 0.212297949622725,
    "tauF": 0.005207550283681258,
    "tau": 0.004647174727144273,
    "expdata": {
      "time": [
        0.11280000000000001,
        0.16,
        0.21080000000000002,
        0.261,
        0.3098,
        0.3608,
        0.4092,
        0.46,
        1.0124
      ],
      "amplitude": [
        0.0029340460896492004,
        0.0022952087222946893,
        0.0020335942702856408,
        0.0019089463590754863,
        0.0018891891714078873,
        0.0016888971899418764,
        0.0018629163200617471,
        0.0018268161771341912,
        0.0027885442497718876
      ]
    }
  },
  "S1_UP235_LTS5_CC_GBZH20": {
    "U": 0.08667119986468995,
    "tauR": 0.1435636698728191,
    "tauF": 0.08848791197421099,
    "tau": 0.1188911900510437,
    "expdata": {
      "time": [
        0.11120000000000001,
        0.1612,
        0.2106,
        0.2602,
        0.311,
        0.3608,
        0.4118,
        0.46080000000000004,
        1.0218
      ],
      "amplitude": [
        0.0029343590140342712,
        0.003622248684389706,
        0.0037811800594352712,
        0.003745438901141651,
        0.0038714211681823707,
        0.003334816394784487,
        0.0030893246974526417,
        0.0030679757870704233,
        0.002931573444653779
      ]
    }
  },
  "S1_UP264_LTS1_CC_GBZH20": {
    "U": 0.11191685545642614,
    "tauR": 1.8626432968109587,
    "tauF": 0.005367991098210902,
    "tau": 1.5074430865312516,
    "expdata": {
      "time": [
        0.11220000000000001,
        0.16620000000000001,
        0.21100000000000002,
        0.2622,
        0.31020000000000003,
        0.36060000000000003,
        0.40840000000000004,
        0.46140000000000003,
        1.0174
      ],
      "amplitude": [
        0.0045412033796310425,
        0.0021176614220720508,
        0.0031219993942590563,
        0.0026121457289498273,
        0.0036112719164348717,
        0.003567113029433744,
        0.003775128190251595,
        0.003378147698118658,
        0.0016725731759272833
      ]
    }
  },
  "S1_UP270_LTS7_CC_GBZH20": {
    "U": 0.03803331723314373,
    "tauR": 1.0584862006494387,
    "tauF": 0.04514878088998047,
    "tau": 0.5574933832708501,
    "expdata": {
      "time": [
        0.1102,
        0.1622,
        0.21400000000000002,
        0.26080000000000003,
        0.3114,
        0.36260000000000003,
        0.41140000000000004,
        0.463,
        1.0106
      ],
      "amplitude": [
        0.00472857803106308,
        0.005751167542308519,
        0.004985192806947536,
        0.005561511827742588,
        0.005926270707929712,
        0.004461583856229134,
        0.004739603606912224,
        0.005645917916221044,
        0.0033834458442142112
      ]
    }
  },
  "S1_UP272_LTS9_CC_GBZH20": {
    "U": 0.07779927052479638,
    "tauR": 1.5280480673413297,
    "tauF": 0.055383730550833274,
    "tau": 1.1121127374604578,
    "expdata": {
      "time": [
        0.11180000000000001,
        0.163,
        0.2126,
        0.2632,
        0.3156,
        0.3612,
        0.41340000000000005,
        0.46080000000000004,
        1.0082
      ],
      "amplitude": [
        0.0010763555765151978,
        0.0008484243766966604,
        0.001223151703278677,
        0.0011202951524898752,
        0.0012083756697694598,
        0.0009595188962655543,
        0.0009571343447871555,
        0.0009418619455891369,
        0.0004825365111865709
      ]
    }
  },
  "S1_UP275_LTS6_CC_GBZH20": {
    "U": 0.06692071528133381,
    "tauR": 1.450933800632025,
    "tauF": 0.10416791688992284,
    "tau": 0.2580487808288531,
    "expdata": {
      "time": [
        0.1092,
        0.1608,
        0.2132,
        0.26380000000000003,
        0.3108,
        0.3612,
        0.4166,
        0.46380000000000005,
        1.0464
      ],
      "amplitude": [
        0.0009511411190032959,
        0.0017842407447576092,
        0.0008629227536713913,
        0.0015881715729415963,
        0.0011492420801344494,
        0.001052831937244439,
        0.0005075735250953256,
        0.0013398409001093708,
        0.0005230979533999425
      ]
    }
  },
  "S1_UP276_LTS7_CC_GBZH20": {
    "U": 0.13119305117706914,
    "tauR": 0.641616326544414,
    "tauF": 0.010694014361970958,
    "tau": 0.3623357904891897,
    "expdata": {
      "time": [
        0.11860000000000001,
        0.1646,
        0.2134,
        0.2676,
        0.31980000000000003,
        0.372,
        0.4162,
        0.4676,
        1.018
      ],
      "amplitude": [
        0.0010245367884635925,
        0.000761804145996664,
        0.0007434358546300202,
        0.0003359663581321559,
        0.0007239007697820016,
        0.0004565358459276275,
        0.0010314712471523185,
        0.00048420038794225184,
        0.0006635187010139987
      ]
    }
  },
  "S1_UP281_LTS13_CC_GBZH20": {
    "U": 0.1289686125383677,
    "tauR": 0.331843093412256,
    "tauF": 0.0292077858828403,
    "tau": 0.22680710293814563,