{
  "FI_hp081009cells1_fs3_non_cont": {
    "U": 0.7991326494990388,
    "tauR": 0.34456366067932515,
    "tauF": 0.009254472256105584,
    "tau": 0.016536468296405843,
    "expdata": {
      "time": [
        0.11699999999999999,
        0.1634,
        0.21119999999999997,
        0.2638,
        0.31329999999999997,
        0.366,
        0.41219999999999996,
        0.46669999999999995,
        1.0175999999999998
      ],
      "amplitude": [
        0.010554632034188036,
        0.003009741990946141,
        0.001989221293304075,
        0.001697214161177782,
        0.001954621983546151,
        0.002058499312766221,
        0.0015262818103529835,
        0.0015352134989645022,
        0.008595087723777067
      ]
    }
  },
  "FI_hp090808cells1_fs1_non3b": {
    "U": 0.378785023775641,
    "tauR": 0.07720922233946743,
    "tauF": 0.32989081595071656,
    "tau": 0.07279295429743259,
    "expdata": {
      "time": [
        0.10319999999999999,
        0.15289999999999998,
        0.20279999999999998,
        0.253,
        0.30529999999999996,
        0.35309999999999997,
        0.4033,
        0.45309999999999995,
        1.0031999999999999
      ],
      "amplitude": [
        0.0010993936434108564,
        0.001369831113971376,
        0.0005161685425946055,
        0.0009343640157291472,
        0.0005218536996498963,
        0.0008733455226850179,
        0.0009199124371275791,
        0.0007985112644374043,
        0.0013700690832959966
      ]
    }
  },
  "FI_hp090808cells3_fs2_non1b": {
    "U": 0.2937325576088578,
    "tauR": 1.3487755969460669,
    "tauF": 0.01856910298726462,
    "tau": 0.004383298360321523,
    "expdata": {
      "time": [
        0.10659999999999999,
        0.1583,
        0.2075,
        0.25989999999999996,
        0.31,
        0.3615,
        0.4165,
        0.45849999999999996,
        1.0074999999999998
      ],
      "amplitude": [
        0.0009056058348968221,
        0.0006985764598810423,
        0.00047151433563066836,
        0.0003002631732511446,
        0.0003042081396908841,
        0.0002547225108834178,
        0.00022742621854163203,
        8.878489418241708e-05,
        0.00036561730367236367
      ]
    }
  },
  "FI_hp090811cells3_fs3_non2b": {
    "U": 0.33274887488000054,
    "tauR": 0.4468824378601983,
    "tauF": 0.0017402025555864693,
    "tau": 0.0017277670931346994,
    "expdata": {
      "time": [
        0.11049999999999999,
        0.16069999999999998,
        0.20969999999999997,
        0.2606,
        0.3106,
        0.35939999999999994,
        0.41009999999999996,
        0.4593,
        1.0099
      ],
      "amplitude": [
        0.0018152080831826262,
        0.0009631029613430819,
        0.0008276430746909369,
        0.0006775598961467622,
        0.0007449188819585728,
        0.000635517395802046,
        0.0007272786000356718,
        0.0007750292084445082,
        0.0013532795086521887
      ]
    }
  }
}