{
  "2": {
    "soma": {
      "somaDiameter": 1.977308786162175e-05,
      "somaGleak": 12.409716806326092
    },
    "peaks": {
      "peakIdx": [
        1110,
        1590,
        2093,
        2602,
        3093,
        3644,
        4092,
        4594,
        10084
      ],
      "peakTime": [
        0.11099999999999999,
        0.15899999999999997,
        0.20929999999999999,
        0.2602,
        0.30929999999999996,
        0.36439999999999995,
        0.40919999999999995,
        0.4594,
        1.0084
      ],
      "peakVolt": [
        -0.07990126,
        -0.08006241,
        -0.0800663,
        -0.08031847,
        -0.08032528,
        -0.08034576,
        -0.08040046,
        -0.08022934,
        -0.08011867
      ]
    },
    "synapse": {
      "U": 0.8540078886407567,
      "tauR": 0.07826980611352743,
      "tauF": 0.7364407132215405,
      "tau": 0.009236587340681496,
      "cond": 0.08799226623982788
    },
    "meta": {
      "type": "FD",
      "experiment": "planert",
      "datafile": "DATA/Planert2010/d1d2conns/traces/trace_table.txt"
    }
  },
  "5": {
    "soma": {
      "somaDiameter": 3.0460826943754632e-05,
      "somaGleak": 1.3749606001861019
    },
    "peaks": {
      "peakIdx": [
        1067,
        1568,
        2067,
        2562,
        3074,
        3566,
        4061,
        4565,
        10071
      ],
      "peakTime": [
        0.10669999999999999,
        0.1568,
        0.2067,
        0.2562,
        0.30739999999999995,
        0.3566,
        0.40609999999999996,
        0.45649999999999996,
        1.0070999999999999
      ],
      "peakVolt": [
        -0.08284505,
        -0.08343047,
        -0.08356772,
        -0.08361901,
        -0.08392838,
        -0.08372527,
        -0.08362082,
        -0.08346953,
        -0.08357292
      ]
    },
    "synapse": {
      "U": 0.34934068198589396,
      "tauR": 0.4882615643589968,
      "tauF": 0.107171657835374,
      "tau": 0.016108376770001008,
      "cond": 0.04817335593536818
    },
    "meta": {
      "type": "FD",
      "experiment": "planert",
      "datafile": "DATA/Planert2010/d1d2conns/traces/trace_table.txt"
    }
  },
  "6": {
    "soma": {
      "somaDiameter": 2.6251243641160632e-05,
      "somaGleak": 1.8771713556471483
    },
    "peaks": {
      "peakIdx": [
        1058,
        1563,
        2058,
        2555,
        3070,
        3556,
        4061,
        4570,
        10062
      ],
      "peakTime": [
        0.10579999999999999,
        0.1563,
        0.20579999999999998,
        0.2555,
        0.307,
        0.35559999999999997,
        0.40609999999999996,
        0.45699999999999996,
        1.0062
      ],
      "peakVolt": [
        -0.0733981,
        -0.07453642,
        -0.07469972,
        -0.07458968,
        -0.0747356,
        -0.07449456,
        -0.07463098,
        -0.07470706,
        -0.07395624
      ]
    },
    "synapse": {
      "U": 0.5998857496017957,
      "tauR": 0.06336120510634435,
      "tauF": 0.31223006133905506,
      "tau": 0.027401958822035236,
      "cond": 0.05776454164233354
    },
    "meta": {
      "type": "FD",
      "experiment": "planert",
      "datafile": "DATA/Planert2010/d1d2conns/traces/trace_table.txt"
    }
  }
}