{
  "0": {
    "soma": {
      "somaDiameter": 2.952747367438263e-05,
      "somaGleak": 1.946282060324212
    },
    "peaks": {
      "peakIdx": [
        1057,
        1552,
        2051,
        2547,
        3058,
        3577,
        4062,
        4541,
        10063
      ],
      "peakTime": [
        0.10569999999999999,
        0.15519999999999998,
        0.20509999999999998,
        0.2547,
        0.30579999999999996,
        0.35769999999999996,
        0.40619999999999995,
        0.45409999999999995,
        1.0063
      ],
      "peakVolt": [
        -0.07636925,
        -0.07648668,
        -0.0764908,
        -0.07649604,
        -0.07645577,
        -0.07649194,
        -0.07644868,
        -0.07645378,
        -0.07635313
      ]
    },
    "synapse": {
      "U": 0.6188917884636017,
      "tauR": 0.0843097543482493,
      "tauF": 0.8463842990938943,
      "tau": 0.025938290521826005,
      "cond": 0.01483998537895179
    },
    "meta": {
      "type": "ID",
      "experiment": "planert",
      "datafile": "DATA/Planert2010/d1d2conns/traces/trace_table.txt"
    }
  },
  "1": {
    "soma": {
      "somaDiameter": 1.6000000000000006e-05,
      "somaGleak": 3.0000000000000058
    },
    "peaks": {
      "peakIdx": [
        1128,
        1684,
        2092,
        2719,
        3129,
        3598,
        4102,
        4637,
        10270
      ],
      "peakTime": [
        0.11279999999999998,
        0.1684,
        0.20919999999999997,
        0.2719,
        0.31289999999999996,
        0.35979999999999995,
        0.41019999999999995,
        0.46369999999999995,
        1.027
      ],
      "peakVolt": [
        -0.06577452,
        -0.06560995,
        -0.06575529,
        -0.06576602,
        -0.06573302,
        -0.06575482,
        -0.06571393,
        -0.06575529,
        -0.06581426
      ]
    },
    "synapse": {
      "U": 0.7422483672748103,
      "tauR": 0.5470959315138632,
      "tauF": 0.3656859488591728,
      "tau": 0.028656518917861286,
      "cond": 0.08302852366430488
    },
    "meta": {
      "type": "ID",
      "experiment": "planert",
      "datafile": "DATA/Planert2010/d1d2conns/traces/trace_table.txt"
    }
  },
  "10": {
    "soma": {
      "somaDiameter": 2.9181397128104616e-05,
      "somaGleak": 2.064929942140302
    },
    "peaks": {
      "peakIdx": [
        1154,
        1571,
        2229,
        2620,
        3159,
        3604,
        4092,
        4590,
        10110
      ],
      "peakTime": [
        0.11539999999999999,
        0.1571,
        0.2229,
        0.26199999999999996,
        0.31589999999999996,
        0.36039999999999994,
        0.40919999999999995,
        0.45899999999999996,
        1.011
      ],
      "peakVolt": [
        -0.0745255,
        -0.07438574,
        -0.07454851,
        -0.07437701,
        -0.074186,
        -0.07424501,
        -0.07420875,
        -0.074319,
        -0.0741745
      ]
    },
    "synapse": {
      "U": 0.24381897901705468,
      "tauR": 0.06024874016433124,
      "tauF": 1.048008865203356,
      "tau": 0.054372610438743973,
      "cond": 0.008148973670585567
    },
    "meta": {
      "type": "ID",
      "experiment": "planert",
      "datafile": "DATA/Planert2010/d1d2conns/traces/trace_table.txt"
    }
  },
  "11": {
    "soma": {
      "somaDiameter": 2.4661640352030133e-05,
      "somaGleak": 1.7880047147903708
    },
    "peaks": {
      "peakIdx": [
        1123,
        1590,
        2123,
        2601,
        3098,
        3612,
        4104,
        4674,
        10119
      ],
      "peakTime": [
        0.1123,
        0.15899999999999997,
        0.2123,
        0.2601,
        0.30979999999999996,
        0.36119999999999997,
        0.4104,
        0.4674,
        1.0119
      ],
      "peakVolt": [
        -0.07305885,
        -0.07308672,
        -0.07322422,
        -0.07308515,
        -0.07367083,
        -0.07387396,
        -0.07333124,
        -0.07342499,
        -0.0731125
      ]
    },
    "synapse": {
      "U": 0.4350780701509461,
      "tauR": 0.16286256223364293,
      "tauF": 0.16183156420114211,
      "tau": 0.09392832422938052,
      "cond": 0.07339298228260834
    },
    "meta": {
      "type": "ID",
      "experiment": "planert",
      "datafile": "DATA/Planert2010/d1d2conns/traces/trace_table.txt"
    }
  },
  "12": {
    "soma": {
      "somaDiameter": 2.483417257864387e-05,
      "somaGleak": 6.001916575679126
    },
    "peaks": {
      "peakIdx": [
        1084,
        1607,
        2132,
        2657,
        3015,
        3609,
        4094,
        4607,
        10111
      ],
      "peakTime": [
        0.1084,
        0.16069999999999998,
        0.21319999999999997,
        0.2657,
        0.3015,
        0.36089999999999994,
        0.4094,
        0.46069999999999994,
        1.0110999999999999
      ],
      "peakVolt": [
        -0.08018449,
        -0.08039589,
        -0.08040626,
        -0.08037046,
        -0.08044764,
        -0.08041897,
        -0.0803972,
        -0.08041335,
        -0.08041896
      ]
    },
    "synapse": {
      "U": 0.5056548693837952,
      "tauR": 0.6905241902870207,
      "tauF": 0.2787672022402087,
      "tau": 0.09777422424272993,
      "cond": 0.036149426091371166
    },
    "meta": {
      "type": "ID",
      "experiment": "planert",
      "datafile": "DATA/Planert2010/d1d2conns/traces/trace_table.txt"
    }
  },
  "13": {
    "soma": {
      "somaDiameter": 2.951942779130463e-05,
      "somaGleak": 2.037572773240046
    },
    "peaks": {
      "peakIdx": [
        1080,
        1591,
        2087,
        2580,
        3088,
        3591,
        4087,
        4586,
        10080
      ],
      "peakTime": [
        0.10799999999999998,
        0.1591,
        0.20869999999999997,
        0.25799999999999995,
        0.30879999999999996,
        0.3591,
        0.40869999999999995,
        0.45859999999999995,
        1.008
      ],
      "peakVolt": [
        -0.08290605,
        -0.08276602,
        -0.08276562,
        -0.08232284,
        -0.08263554,
        -0.08251758,
        -0.08243165,
        -0.08236425,
        -0.08211173
      ]
    },
    "synapse": {
      "U": 0.5762289481091764,
      "tauR": 0.03420111101947644,
      "tauF": 1.9948945663960616,
      "tau": 0.004693952113943686,
      "cond": 0.03478288507301971
    },
    "meta": {
      "type": "ID",
      "experiment": "planert",
      "datafile": "DATA/Planert2010/d1d2conns/traces/trace_table.txt"
    }
  },
  "15": {
    "soma": {
      "somaDiameter": 2.9917466214918276e-05,
      "somaGleak": 1.748383566711712
    },
    "peaks": {
      "peakIdx": [
        1073,
        1580,
        2003,
        2572,
        3107,
        3589,
        4089,
        4584,
        10080
      ],
      "peakTime": [
        0.10729999999999999,
        0.15799999999999997,
        0.20029999999999998,
        0.2572,
        0.3107,
        0.35889999999999994,
        0.4089,
        0.4584,
        1.008
      ],
      "peakVolt": [
        -0.08673207,
        -0.08682751,
        -0.08687396,
        -0.08682938,
        -0.08683041,
        -0.08681083,
        -0.08679146,
        -0.08682813,
        -0.08676229
      ]
    },
    "synapse": {
      "U": 0.4136342948618949,
      "tauR": 0.5446656778188508,
      "tauF": 0.05143155268778719,
      "tau": 0.08681276752058349,
      "cond": 0.007425993837674447
    },
    "meta": {
      "type": "ID",
      "experiment": "planert",
      "datafile": "DATA/Planert2010/d1d2conns/traces/trace_table.txt"
    }
  },
  "16": {
    "soma": {
      "somaDiameter": 4.5412765740666505e-05,
      "somaGleak": 2.041625983777603
    },
    "peaks": {
      "peakIdx": [
        1105,
        1591,
        2085,
        2593,
        3087,
        3574,
        4065,
        4568,
        10076
      ],