{
  "S1_UP77_MSN4D2_CC_GBZH20": {
    "U": 0.445543421837541,
    "tauR": 1.9966178366918237,
    "tauF": 0.000160394538771284,
    "tau": 1.9833916902798407,
    "expdata": {
      "time": [
        0.10840000000000001,
        0.158,
        0.20900000000000002,
        0.25880000000000003,
        0.31020000000000003,
        0.3614,
        0.41440000000000005,
        0.46040000000000003,
        1.0094
      ],
      "amplitude": [
        0.0032278820872306824,
        0.0020963035388697343,
        0.0010584922387650436,
        0.0006259161052478285,
        0.00037452090995422627,
        0.0003889463815708455,
        0.0003979829430914017,
        0.00025370016741398105,
        0.00026826553687198107
      ]
    }
  },
  "S1_UP80_MSN1D2_CC_GBZH20": {
    "U": 0.07314680312564155,
    "tauR": 0.7032546104855028,
    "tauF": 0.06244766202474877,
    "tau": 0.16392331557390896,
    "expdata": {
      "time": [
        0.1082,
        0.1574,
        0.20700000000000002,
        0.258,
        0.3074,
        0.35700000000000004,
        0.40800000000000003,
        0.45780000000000004,
        1.0086
      ],
      "amplitude": [
        0.0034137219190597534,
        0.0053322407241483405,
        0.0037305638907340205,
        0.0030160584216847447,
        0.003563457358084665,
        0.0034322134471444776,
        0.0032547127023708072,
        0.0034409927271805696,
        0.002460092876871739
      ]
    }
  },
  "S1_UP84_MSN5D2_CC_GBZH20": {
    "U": 0.07837384596961029,
    "tauR": 1.549414559638078,
    "tauF": 0.028493792088871196,
    "tau": 1.4600658064679464,
    "expdata": {
      "time": [
        0.1072,
        0.157,
        0.2074,
        0.257,
        0.3064,
        0.35760000000000003,
        0.4072,
        0.4582,
        1.0074
      ],
      "amplitude": [
        0.0016088932752609253,
        0.001462715069330045,
        0.0017723197295946708,
        0.0013343339498769063,
        0.0011519064202242524,
        0.001204086246352501,
        0.0014755305887188958,
        0.0010843576779090147,
        0.0008930634425672046
      ]
    }
  },
  "S1_UP87_MSN9D2_CC_GBZH20": {
    "U": 0.23117769554235015,
    "tauR": 1.2054025709456582,
    "tauF": 0.03676276235057654,
    "tau": 0.5192802730221837,
    "expdata": {
      "time": [
        0.10880000000000001,
        0.15860000000000002,
        0.2092,
        0.259,
        0.3104,
        0.3592,
        0.4086,
        0.45980000000000004,
        1.0092
      ],
      "amplitude": [
        0.004664771258831024,
        0.004908071024677552,
        0.0035167091264292766,
        0.002933886704157909,
        0.0019994691410500642,
        0.0013840475639508437,
        0.0009207693709080006,
        0.0010218185124648282,
        0.0016828241832314156
      ]
    }
  },
  "S1_UP94_MSN7D2_CC_GBZH20": {
    "U": 0.13052353293960545,
    "tauR": 1.8571405521046171,
    "tauF": 0.03800818748075834,
    "tau": 1.6251747722113115,
    "expdata": {
      "time": [
        0.109,
        0.1592,
        0.2102,
        0.25980000000000003,
        0.30960000000000004,
        0.3594,
        0.4106,
        0.4586,
        1.0098
      ],
      "amplitude": [
        0.002309739589691162,
        0.0024360139078165033,
        0.0021213821365990843,
        0.001688704983994302,
        0.0015262738657619013,
        0.0011888671848323124,
        0.0011581432364328459,
        0.0006521463841953762,
        0.0008804882009029735
      ]
    }
  },
  "S1_UP97_MSN10D2_CC_GBZH20": {
    "U": 0.13010855701859317,
    "tauR": 1.7601824199508171,
    "tauF": 0.018617100037955015,
    "tau": 1.4131814730297034,
    "expdata": {
      "time": [
        0.1056,
        0.1562,
        0.2064,
        0.2566,
        0.3054,
        0.3564,
        0.406,
        0.45580000000000004,
        1.0062
      ],
      "amplitude": [
        0.0012070685625076294,
        0.0013580236704734683,
        0.000801993502140233,
        0.0008742856604409127,
        0.0007959678338671089,
        0.000567749025572814,
        0.0005514915686659211,
        0.000985468234013867,
        0.00038104238376865385
      ]
    }
  },
  "S1_UP102_MSN4D2_CC_GBZH20": {
    "U": 0.3131853188190741,
    "tauR": 1.0847580752347263,
    "tauF": 0.008332417432710466,
    "tau": 0.08110660472775193,
    "expdata": {
      "time": [
        0.1076,
        0.1568,
        0.20720000000000002,
        0.257,
        0.30760000000000004,
        0.3564,
        0.40740000000000004,
        0.4572,
        1.0068000000000001
      ],
      "amplitude": [
        0.005721881985664368,
        0.0035063251595332245,
        0.0026716298187398485,
        0.002376320711357169,
        0.00205876882044799,
        0.0015945731399071572,
        0.001405110546274721,
        0.0015692295745498436,
        0.002813809278974344
      ]
    }
  },
  "S1_UP103_MSN5D2_CC_GBZH20": {
    "U": 0.14464048175620503,
    "tauR": 1.1636851741624763,
    "tauF": 0.004193694572249213,
    "tau": 0.12389338249356964,
    "expdata": {
      "time": [
        0.1066,
        0.1574,
        0.20720000000000002,
        0.25680000000000003,
        0.3064,
        0.3574,
        0.40840000000000004,
        0.458,
        1.0074
      ],
      "amplitude": [
        0.0044806599617004395,
        0.0034062297023632476,
        0.00325784863800746,
        0.0027181079332480873,
        0.002420651988408795,
        0.002578442121480534,
        0.002132368464918377,
        0.00242576319502176,
        0.0027490631261332388
      ]
    }
  },
  "S1_UP104_MSN6D2_CC_GBZH20": {
    "U": 0.1438798344033643,
    "tauR": 1.6774342774916322,
    "tauF": 0.009464483601144533,
    "tau": 1.1278522891643574,
    "expdata": {
      "time": [
        0.10840000000000001,
        0.1612,
        0.2086,
        0.2584,
        0.30920000000000003,
        0.3588,
        0.4082,
        0.46140000000000003,
        1.0088000000000001
      ],
      "amplitude": [
        0.0013024881482124329,
        0.0009150955950840423,
        0.0011545145593513662,
        0.0007003542387484657,
        0.0009046974710473776,
        0.0007366478049925101,
        0.0004402089266668241,
        0.00036089617726771384,
        0.0004892629072883597
      ]
    }
  },
  "S1_UP181_MSN9D2_CC_GBZH20": {
    "U": 0.09127293815911443,
    "tauR": 1.2690473576966383,
    "tauF": 0.030488921666778097,
    "tau": 1.1814642943713387,
    "expdata": {
      "time": [
        0.1066,
        0.1564,
        0.2066,
        0.257,
        0.30660000000000004,
        0.35700000000000004,
        0.4066,
        0.45680000000000004,
        1.0066
      ],
      "amplitude": [
        0.0056085288524627686,
        0.005964126296069849,
        0.005094130119131429,
        0.00498726095678402,
        0.0038151221997712176,
        0.004012554363612517,
        0.003787697943839971,
        0.0038988999266998253,
        0.0029381498299533293
      ]
    }
  },
  "S1_UP186_MSN6D2_CC_GBZH20": {
    "U": 0.17361013228007321,
    "tauR": 0.6597056327065474,
    "tauF": 0.0013909689233269715,
    "tau": 0.6596343560276736,
    "expdata": {
      "time": [
        0.1066,
        0.1564,
        0.20620000000000002,
        0.25620000000000004,
        0.3062,
        0.3564,
        0.4068,
        0.45680000000000004,
        1.0068000000000001
      ],
      "amplitude": [
        0.019835028797388077,
        0.01662519599589929,
        0.01299198465218264,
        0.010812196707336033,
        0.009540708108350754,
        0.009572180209898043,
        0.008370521300517644,
        0.008074818766984876,
        0.010183015356200434
      ]
    }
  },
  "S1_UP295_MSN2D2_CC_GBZH20": {
    "U": 0.0704533793483961,
    "tauR": 1.9407905162898704,
    "tauF": 0.005693326444212912,
    "tau": 0.2901274335753031,