{
    "TegnerRun_benchmark-500000-neurons-5-nodes": {
        "init": [
            [0.1422612180467695, 120],
            [0.14666499197483063, 120],
            [0.1442875824868679, 120]
        ],
        "place": [
            [480.83988546952605, 120]
        ],
        "detect": [
            [3986.2364399970975, 120],
            [4004.3324211128056, 120]
        ],
        "prune": [
            [5633.879396628588, 120]
        ]
    }
}
