{
  "14": {
    "soma": {
      "somaDiameter": 2.5462892265879188e-05,
      "somaGleak": 2.031465657509164
    },
    "peaks": {
      "peakIdx": [
        1097,
        1570,
        2226,
        2568,
        3144,
        3618,
        4135,
        4640,
        10262
      ],
      "peakTime": [
        0.10969999999999999,
        0.15699999999999997,
        0.2226,
        0.2568,
        0.31439999999999996,
        0.36179999999999995,
        0.4135,
        0.46399999999999997,
        1.0262
      ],
      "peakVolt": [
        -0.08561093,
        -0.08575657,
        -0.08582281,
        -0.08569032,
        -0.08574312,
        -0.08569875,
        -0.08569126,
        -0.08577845,
        -0.08563
      ]
    },
    "synapse": {
      "U": 0.7250274664789726,
      "tauR": 0.5746130047178475,
      "tauF": 0.7066775865115761,
      "tau": 0.0470241322333985,
      "cond": 0.010109659731260845
    },
    "meta": {
      "type": "DI",
      "experiment": "planert",
      "datafile": "DATA/Planert2010/d1d2conns/traces/trace_table.txt"
    }
  }
}